{
  "NaturalAndUnrestrained": {

    "NAME": "瀟洒",

    "DESCRIPTIONS": ["アタックがブロックされていないダメージを与える度、追加で #b"," ダメージを与え、 #b"," #yブロック を得る。 , #y瀟洒 の効果が発動する度、スタックを1減らす。"]
  },

  "Terrified_SakuyaPower": {

    "NAME": "テラファイド",

    "DESCRIPTIONS": ["このターン終了時まで 瀟洒 の効果が発動しても、スタックが減少しない。アタックを3枚プレイする毎に #yブラー #b"," を得る。"]
  },

  "Time_FuturisticPower": {

    "NAME": "タイムフューチャリスク",

    "DESCRIPTIONS": ["ターン開始時に,カードを #b"," 枚引き #b","枚まで捨てる。カードを捨てなかった場合 時間停止 に入る。"]
  },

  "My_Knife_RecursionPower": {

    "NAME": "ナイフリカージョン",

    "DESCRIPTIONS": ["時間停止 に入る時と終了時に , 瀟洒 1と 次のターン [E] を得る。"]
  },

  "Inflation_SquarePower": {

    "NAME": "「インフレーションスクウェア」",

    "DESCRIPTIONS": ["ターン終了時に, #y時間停止なら ,カードを #b"," 枚まで 保留 する。そうでないなら、次のターン [E] を得る。"]
  },

  "Dissociation_MethodPower": {

    "NAME": "解離",

    "DESCRIPTIONS": ["このターンプレイするカードは #y廃棄 される。"]
  },

  "Replacement_MethodPower": {

    "NAME": "置換",

    "DESCRIPTIONS": ["手札を捨てるか #y廃棄 すると #b"," #yブロック を得る。 "]
  },

  "Silver_BladePower": {

    "NAME": "シルバーブレード",

    "DESCRIPTIONS": ["このターンアタックされる度,ランダムなスキルを #b"," 枚手札に加える。"," ランダムなアップグレードされたスキルを手札に加える。"]
  },

  "NaturalAndUnrestrained_WorldPower": {

    "NAME": "完璧で瀟洒な世界",

    "DESCRIPTIONS": ["この, #y時間停止 は次のターン開始時に終了する。スタンスから抜けるまで,敵にダメージを与えることができる。"]
  },

  "Tunnel_EffectPower": {

    "NAME": "「トンネルエフェクト」",

    "DESCRIPTIONS": ["左端のカードをプレイした時、それがスキルであれば、このターンの次にプレイするアタックは2倍のダメージを与える。"]
  },

  "DoubleDMGinOnce": {

    "NAME": "ダブルダメージ",

    "DESCRIPTIONS": ["次の #b"," アタックは2倍のダメージを与える。このバフはターン終了時に0になる。"]
  },

  "Deflation_WorldPower": {

    "NAME": "「デフレーションワールド」",

    "DESCRIPTIONS": ["同じ名前のカードを #b"," 枚連続でプレイすると [E] ,を得てカードを #b1 枚ドローする。"]
  },

  "Killing_Doll_SakuyaPower": {

    "NAME": "「殺人ドール」",

    "DESCRIPTIONS": ["この敵にダメージを与える度に、 #y時間停止 中なら マジックカウント 2 をえる。そうでないなら #b"," ダメージを全ての敵に与える。このダメージは殺人ドールのスタックに等しい。"]
  },

  "The_World_SakuyaPower":{

    "NAME": "「ザ・ワールド」",

    "DESCRIPTIONS": ["#y時間停止 中にスキルをプレイする度に #yマジックカウント 2を得る。"]
  },

  "Misdirection_SakuyaPower": {

    "NAME": "「ミスディレクション」",

    "DESCRIPTIONS": ["ターン開始時に 占術 #b"," を行う"]
  },

  "Time_ParadoxPower": {

    "NAME": "タイムパラドックス",

    "DESCRIPTIONS": ["このターン、マークされたカードをプレイする度、全ての敵に #b"," ダメージを与えて #b"," #yブロック を得る。"]
  },

  "Phantom_KillerPower": {

    "NAME": "ファントムキラー",

    "DESCRIPTIONS": [" #b"," ターンの間アタックカードは3回プレイされる。"]
  },








  "DoubleAttackPower": {

    "NAME": "カースバッシュ",

    "DESCRIPTIONS": ["この敵にブロックされていないダメージを与える度、追加 #r10 ダメージを与える"]
  },
  "MonsterBarbPower": {

    "NAME": "ブラッドバーブ",

    "DESCRIPTIONS": ["このターンアタックを #r4 枚プレイする度,呪いを山札に追加して, #rフランドールのHPを1減らす。"]
  },
  "TimeCursePower": {

    "NAME": "呪い 原因と結果",

    "DESCRIPTIONS": ["あなたのターン開始時に, #y時間停止 中ならこのクリーチャーのパワーが1上がる。パワーのスタックが3になる度、このクリーチャーは #r最大HPの30%を回復して 筋力 3を得る。その後あなたの手札に 時の呪い を加える。"]
  },
  "ViscousOrganismPower": {

    "NAME": "粘性生物",

    "DESCRIPTIONS": [" #b"," ターンの間このクリーチャーにダメージを与えられない。"]
  },
  "TimeStopTierFatiguePower": {

    "NAME": "停止疲労",

    "DESCRIPTIONS": ["#b"," ターンの間 #y時間停止 に入ったり追加ターンを得ることができない。"]
  }
}