{
  "Pocket_Watch_For_Battle":{
    "NAME":"特製懐中時計",
    "FLAVOR":"咲夜の懐中時計。彼女が望むなら役に立つかもしれない。",
    "DESCRIPTIONS":["このレリックのチャージが2の時のみ使用できる。 #rこのレリックを右クリックする: #y黄昏 と #y停止疲労 1を得る。]
  },

  "Sakuya_ChallengeRelic": {
    "NAME":"運命に立ち向かう",
    "FLAVOR":"これを使うことで自らの運命に立ち向かうことができる。",
    "DESCRIPTIONS":["一回のゲーム中に一度だけこのレリックを右クリックして起動する: 次のイベント部屋で #b特別なイベント が起こる。"]
  },

  "RemiliaInstructionBook": {
    "NAME":"レミリアの指令書",
    "FLAVOR":"“咲夜はフランドールを守るだけではなく、フランドールの力に汚染されたものを一掃しなくてはならない。塔の力が彼女を傷つける。”.",
    "DESCRIPTIONS":["#yフランドール のHPを見れる。 全ての敵がより #強くなる。しかし、戦闘終了時に #g50%の確率でレリックを入手できる。 #rA19 以降では #g75%"]
  },

  "Special_Dagger": {
    "NAME":"スペシャルダガー",
    "FLAVOR":"咲夜の改良したダガー",
    "DESCRIPTIONS":["戦闘開始時に #y瀟洒 #b3 を得る。"]
  },

  "TimeAndSpaceRealm": {
    "NAME":"時間と空間",
    "FLAVOR":"情報交換のお礼として紫からもらった特別なアイテム",
    "DESCRIPTIONS":["戦闘開始時にデッキからカードを1枚選びそのコピーを手札に加える。"]
  }
}