{
  "MyEmptyOrbSlot": {
    "DESCRIPTION": [
      " #b",
      " ターン後に #y時間停止 が終了する。",
      "あなたは #y時間停止 中ではない。"
    ],
    "NAME": "Remaining rounds"
  },

  "AttackAmountOrbSlot": {
    "DESCRIPTION": [
      "#y時間停止 中 アタックカードをプレイする度 #yマジックカウント #b2 を得る。アタックのコストが0なら #yマジックカウント #b3 を得る。 NL 累積 #yマジックカウント : #b",
      " NL #y時間停止 が終了した時全ての敵はHPを #r",
      " 失う。",
      "あなたは #y時間停止 中ではない。"
    ],
    "NAME": "マジックカウント"
  }
}