{
  "VampiresSakuya": {
    "NAME": "吸血鬼(?)",
    "DESCRIPTIONS": [
      "灯りが落ちた通りを行くと、数人の頭巾をした人物が、何やら儀式のようなものを行っているところに出くわした。あなたが近づくと、薄気味悪く一斉にこちらを向く。奇妙な集まりではあるがあなたは彼が何者か知っている。その中で一番背の高い人物は、少し微笑んで長く鋭い歯を見せ、青白い細長い手をあなたに伸ばしてきた NL ~\"姉妹よ~ ~我らの~ ~仲間に加われ,~ ~塔の~ ~温もりを~ ~共に~ ~感じるのだ.\"~",
      "あなたは主からの証拠を見せた。彼らは非常に驚きあなたがどれほど強大な者に仕えているのかを理解した。",
      "背の高い男は震えながら頭を垂れた\"申し訳ありません\" NL NL 彼にフランドールのことを尋ねると彼はこう答えた：\"~彼女はここにおりました。どこへ向かったのかも存じております。~\" NL NL この男から十分な情報を得たあなたは歩を進める。",
      "怪訝な顔をしながらあなたはその貢物を受け取る。 そして彼らは黒く濃い霧に身を変えてこの場を離れていった。 NL あたりには誰もいないようだ"
    ],
    "OPTIONS": [
      "[証拠を見せる] #gレリック「レミリアの教本」が必要 ",
      "[続ける] #gフランドールのHPを回復する。",
      "[拒否]",
      "[離れる]",
      "[Locked] レリック「レミリアの教本」が必要"
    ]
  },

  "Flandre's journey": {
    "NAME": "フランドールの旅",
    "DESCRIPTIONS": [
      "そろそろ時間だ... NL あなたは何をすべきか知っている。計画ではフランドールは塔に向かって出発した。彼女が一人で困難に立ち向かうのは彼女にとって良い事だと思う。 NL しかし ...  レミリアは納得していない。 NL  NL  NL レミリアはあなたにフランドールを密かに追いかけ守るよう命じた。 NL ただこれは必須ではない。 NL NL NL #rこのイベントでレリックを取得すると敵が強化される。",
      "\"さて~\" NL この命令を受けることに決めた... NL NL 今回は。",
      "レミリアから送られてきた指令書を確認して前進する。",
      "フランドールはこの挑戦で成長しなければならない"
    ],
    "OPTIONS": [
      "[承諾]",
      "#g特別なレリック:「レミリアの指令書」",
      "[拒否]",
      "[離れる]"
    ]
  },

  "Information Exchange": {
    "NAME": "情報交換",
    "DESCRIPTIONS": [
      "曲がりくねった小路を行くと顔見知りと出会った。奇妙なねじれた空間に真剣な面持ちで座っている。 NL 彼女はこちらに気づき顔を上げた。 NL NL \"紅魔館のメイドがこんなところにいるなんて...ああ,そうね...\" NL 彼女は驚いたようだったがすぐに何か思いついたようでそれを取り出した。\"ここに来る前に彼女を見かけなかった？私もあなたの知りたい事を知っているかも。 興味を持ってもらえた？\"",
      "塔でなにを見たかを話し合った。 NL NL そして彼女は不思議な箱を取り出してあなたに渡した。 NL NL  \"これは私がスキマから取り出した副産物みたいなものよ。うまく使いなさい。\"",
      "彼女に礼をいってこの場から離れた",
      "\"そう...\"彼女は眉をひそめ、振り返って去っていった。"
    ],
    "OPTIONS": [
      "[情報交換] #gレリック #g「レミリアの指令書」が必要 ",
      "#g特別なレリック:「時間と 空間」を得る。",
      "[拒否]",
      "[離れる]",
      "[Locked] #gレリック #g「レミリアの指令書」が必要 "
    ]
  },

  "Flandre's journey_EX_1": {
    "NAME": "ターミナル",
    "DESCRIPTIONS": [
      "時間だ... NL 指令書にあるように彼女が来る前に課題を片付けなかればならない。 NL NL そのためにはこのエリアをクリアする必要があります。"
    ],
    "OPTIONS": [
      "[Let's start！]  #終点に入る"
    ]
  }
}