{
	"Defend_Sakuya":{
		"NAME":"防御",
		"DESCRIPTION":"!B! ブロックを得る。"
	},
	"Attack_Sakuya": {
		"NAME":"ストライク",
		"DESCRIPTION": "!D! ダメージを与える。"
	},
	"NaturalAndUnrestrained_Maid": {
		"NAME":"完璧で瀟洒な従者",
		"DESCRIPTION": "!B! ブロックを得る。 NL 瀟洒 !M! を得る。"
	},
	"BasicSorcery": {
		"NAME":"基本魔法",
		"DESCRIPTION": "魔法。 !D! ダメージを与える。"
	},


	"Knife_Sakuya": {
		"NAME":"銀のナイフ",
		"DESCRIPTION": "!D! ダメージを与える。瀟洒 1を得る。 廃棄 。"
	},


	"SquareRicochet": {
		"NAME":"S.リコシェ",
		"DESCRIPTION": "魔法。 !D! ダメージを与える。このターン、マークされたカードを2枚までしかプレイしなかった場合、全ての敵に !D! ダメージを与える。"
	},
	"Ambitious_Jack": {
		"NAME":"野心のジャック",
		"DESCRIPTION": "!B! ブロックを得る。このターン、マークされたカードを2枚までしかプレイしなかった場合、カードを1枚引く。"
	},
	"Closeup_Magic": {
		"NAME":"クロースアップ",
		"DESCRIPTION": "魔法。 ランダムな敵に !D! ダメージを2回与える。 魔法印 :もう1回ダメージを与える。"
	},
	"Bounce_NoBounce": {
		"NAME":"ノーバウンス",
		"DESCRIPTION": "魔法。 カードを !M! 枚引く。 手札を1枚捨てる。 銀のナイフ を手札に1枚加える。"
	},
	"Propelling_Silver": {
		"NAME":"プロペラシルバー",
		"DESCRIPTION": "!D! ダメージを与える。捨て札からカードを1枚手札に加える。 廃棄 。 魔法印 :選択したカードのコピーが捨て札に加えられる。"
	},
	"Precision_Strike": {
		"NAME":"高精度ストライク",
		"DESCRIPTION": "!D! ダメージを与える。攻撃を予定している場合ダメージが !M! 増加して 黄昏 を得る。 銀のナイフ を1枚手札に加える。"
	},
	"Red_Magic": {
		"NAME":"レッドマジック",
		"DESCRIPTION": "カードを !M! 枚引く。 手札を !M! 枚捨てる。 魔法印 :銀のナイフ を !M! 枚手札に加える。 瀟洒 !M! を得る。"
	},
	"Jack_the_Ripper": {
		"NAME":"切り裂きジャック",
		"DESCRIPTION": " カードを1枚捨てる。 黄昏 .銀のナイフ を !M! 枚手札に加える。 廃棄 。"
	},
	"Power_Direction": {
		"NAME":"パワーディレクト",
		"DESCRIPTION": "魔法。 !D! ダメージを与える。!B! ブロックを得る。"
	},
	"Death_Knife": {
		"NAME":"死のナイフ",
		"DESCRIPTION": "魔法。  NL 銀のナイフ を !M! 枚手札に加える。 NL 魔法印 :更にもう1枚 銀のナイフ を手札に加える。"
	},
	"Costume_and_Dagger": {
		"NAME":"メイド服とダガー",
		"DESCRIPTION": "!B! ブロックを得る。銀のナイフ を !M! 枚手札に加える。 NL 魔法印 :更にもう1枚 銀のナイフ を手札に加える。"
	},
	"Silver_Dagger_Spray": {
		"NAME":"ダガーレイン",
		"DESCRIPTION": "全ての敵に !D! ダメージを2回与える。 エセリアル 。 魔法印 :ダメージを与える回数が1回増える。"
	},
	"Normal_TimeStop": {
		"NAME":"タイムストップ",
		"DESCRIPTION": "時間停止 中であれば 真夜中 を得る。 そうでなければ, 黄昏 を得る。 ",
		"UPGRADE_DESCRIPTION": "時間停止 中であれば 真夜中 を得る。 そうでなければ, 黄昏 得る。 保留 。"
	},
	"Terrified_Sakuya": {
		"NAME":"テラファイド",
		"DESCRIPTION": "このターン終了時まで、ダメージを与えても 瀟洒 が減少しない。 アタックカードを3枚プレイする毎に ブラー を1得る。"
	},
	"Riddled_With_Knives": {
		"NAME":"穴だらけ",
		"DESCRIPTION": "魔法。 !D! ダメージを与える。 瀟洒 が3以下なら 瀟洒 2を得る。そうでないなら、 ダメージが !M! 増加する。 魔法印 :ターゲットを全ての敵に変更する。"
	},
	"Reverse_Blade": {
		"NAME":"リバースブレード",
		"DESCRIPTION": "魔法。 !B! ブロックを得る。瀟洒 !M! を得る。 魔法印 :銀のナイフ を1枚手札に加える。"
	},
	"Temporal_Accelerate": {
		"NAME":"T.アクセラレータ",
		"DESCRIPTION": "!D! ダメージを与える。時間停止 中なら追加で マジックカウント !M! を得る。そうでないなら, カードを1枚捨てる。"
	},
	"Time_Stop_Strike": {
		"NAME":"タイムストライク",
		"DESCRIPTION": "魔法。 このターンカードを捨てていた場合、 [E] [E] を得る。時間停止 中なら 追加で マジックカウント 1を得る。そうでないなら、 !D! ダメージを与える。 "
	},
	"Cold_Light": {
		"NAME":"コールドライト",
		"DESCRIPTION": "!D! ダメージを与える。山札からアタックカードを1枚手札に加える。 魔法印 :2枚のカードを選ぶ事ができる。",
		"UPGRADE_DESCRIPTION": "!D! ダメージを与える。山札からアタックカードを1枚手札に加える。 保留 。 魔法印 :2枚のカードを選ぶ事ができる。"
	},
	"Silver_Blade_Conversion": {
		"NAME":"ナイフ変換",
		"DESCRIPTION": "魔法。 手札を !M! 枚 廃棄 する。瀟洒 !M! を得る。 廃棄 。"
	},


	"AwayFromTheSword": {
		"NAME":"リターンソード",
		"DESCRIPTION": "!D! ダメージを与える。対象がボス出ないならばランダムにバフを1つ取り除く。 魔法印 :ボス相手でも効果が発動する。"
	},
	"TheWorldOfSakuya": {
		"NAME":"咲夜の世界",
		"DESCRIPTION": " 捨て札の半分をランダムに 廃棄 する。アタックが廃棄されるごとに 筋力 1を得る。スキルが 廃棄 されるごとに 敏捷性 1を得る。 廃棄 。"
	},
	"MagicStarsSword": {
		"NAME":"スターソード",
		"DESCRIPTION": "天賦 。 魔法。 NL !D! ダメージを与える。 NL 廃棄 。"
	},
	"Time_Futuristic": {
		"NAME":"未来式の時間",
		"DESCRIPTION": "ターン開始時に !M! 枚カードを引く。手札を !M! 枚まで捨てることができる。手札を捨てなかった場合、 時間停止 に入る。"
	},
	"Imaginary_Vertical_Time": {
		"NAME":"イマジナリタイム",
		"DESCRIPTION": "筋力 1 と 敏捷性 1 を得る。 魔法印 :更に 筋力 と 敏捷性 を1得る。",
		"UPGRADE_DESCRIPTION": "天賦 。  NL 筋力 1 と 敏捷性 1 を得る。 魔法印 :更に 筋力 と 敏捷性 を1得る。"
	},
	"Erase_KILL": {
		"NAME":"抹殺",
		"DESCRIPTION": "全ての敵に !D! ダメージ を与える。時間停止 中 なら、HPが !M! 以下の敵のHPを0にする。"
	},
	"Patchouli_alchemical_Dagger": {
		"NAME":"錬金術のナイフ",
		"DESCRIPTION": "対象はHP を !D! 失う。 NL ミニオンでない敵を倒したなら !M! ゴールド得る。 魔法印 :得るゴールドが5増える。"
	},
	"Luna_Dial": {
		"NAME":"ルナダイアル",
		"DESCRIPTION": "カードを !M! 枚引く。"
	},
	"My_Knife_Recursion": {
		"NAME":"リターンナイフ",
		"DESCRIPTION": "時間停止 に入る時と終わる時 瀟洒 1 と [E] を得る。",
		"UPGRADE_DESCRIPTION": "天賦 。  NL 時間停止 に入る時と終わる時 瀟洒 1 と [E] を得る。"
	},
	"Perfect_Maid": {
		"NAME":"完璧な従者",
		"DESCRIPTION": "魔法。 !B! ブロックを2回得る。 魔法印 :プレートアーマー !M! を得る。"
	},
	"Special_Stopwatch": {
		"NAME":"咲夜特製ストップウォッチ",
		"DESCRIPTION": " 使用不可 。ターン終了時に全ての敵がX× !M! のHPを失う。Xはこのターンプレイしたマークされたカードの枚数に等しい。 魔法印 :X×( !M! +1 )で計算する。"
	},
	"Silver_Acute_360": {
		"NAME":"銀のアキュート",
		"DESCRIPTION": "瀟洒 を2倍にする。 廃棄 。",
		"UPGRADE_DESCRIPTION": "瀟洒 を3倍にする。 廃棄 。"
	},
	"Luminous_Ricochet": {
		"NAME":"ルミナスリコシェ",
		"DESCRIPTION": "瀟洒 !M! を得る。全ての敵に 弱体 !M! を与える。 魔法印 :さらに瀟洒 !M! を得る。"
	},
	"Silver_Bound": {
		"NAME":"シルバーバウンド",
		"DESCRIPTION": "X ダメージを与える。銀のナイフ をX枚手札に加える。 魔法印 : 黄昏 ",
		"UPGRADE_DESCRIPTION": "X + 3ダメージを与える。銀のナイフ をX +3 枚手札に加える。 魔法印 : 黄昏 "
	},
	"Inflation_Square": {
		"NAME":"I・スクウェア",
		"DESCRIPTION": "ターン終了時に、 時間停止 中 なら、 !M! 枚のカードを 保留 する。そうでないなら、次のターン [E] を得る。 エセリアル 。",
		"UPGRADE_DESCRIPTION": "ターン終了時に、 時間停止 中 なら、 !M! 枚のカードを 保留 する。そうでないなら、次のターン [E] を得る。"
	},
	"NaturalAndUnrestrained_Timer": {
		"NAME":"完璧で瀟洒な時計",
		"DESCRIPTION": "!D! ダメージを !M! 回与える。 プレートアーマー 2を得る。この戦闘中に得た 瀟洒 の分だけコストが1下がる。"
	},
	"NaturalAndUnrestrained_Knife": {
		"NAME":"完璧で瀟洒な刃",
		"DESCRIPTION": "!D! ダメージを X 回与える。Xは 瀟洒 のスタックに等しい。 瀟洒 を全て取り除く。 魔法印 :今回は 瀟洒 を取り除かない"
	},
	"NaturalAndUnrestrained_Magic": {
		"NAME":"完璧で瀟洒な魔法",
		"DESCRIPTION": " 真夜中 。手札のマークされたカードのマークを外し、別のカードをマークする。"
	},
	"Spatial_Extension": {
		"NAME":"空間拡張",
		"DESCRIPTION": "魔法。 脱力 99を与える。 廃棄 。 魔法印 :ターゲットを全ての敵に変更する。"
	},
	"Eternal_Silver": {
		"NAME":"永遠の銀",
		"DESCRIPTION": "!B! ブロックを得る。瀟洒 が3以下なら更に !M! ブロックを得る。そうでないなら、 瀟洒 !M! を得る。"
	},
	"Vanish_Everything": {
		"NAME":"バニシング",
		"DESCRIPTION": "魔法。 !D! ダメージを与える。手札と山札と捨て札にある同名カードの枚数分攻撃回数が増える。"
	},
	"Dissolution_Method": {
		"NAME":"溶解",
		"DESCRIPTION": "!B! ブロックを得る。自分のデバフをランダムに取り除く。 魔法印 : 瀟洒 3を得る。"
	},
	"Avoid_Sakuya": {
		"NAME":"回避",
		"DESCRIPTION": "!B! ブロックを得る。 魔法印 :得るブロックを2倍にする。"
	},
	"Time_Isolation": {
		"NAME":"時間隔離",
		"DESCRIPTION": "時間停止 中 なら、3ターンの間 !M! 枚の 銀のナイフ を手札に加える。このカードを 廃棄 する。そうでないなら、 !B! ブロックを得て、カードを1枚引く。"
	},
	"Dissociation_Method": {
		"NAME":"解離",
		"DESCRIPTION": "捨て札のカードを全て 廃棄する。ターン終了時まで、カードをプレイするとそのカードは 廃棄 される。",
		"UPGRADE_DESCRIPTION": "捨て札のカードを全て 廃棄する。ターン終了時まで、カードをプレイするとそのカードは 廃棄 される。 保留 。"
	},
	"Replacement_Method": {
		"NAME":"置換",
		"DESCRIPTION": "手札1枚を捨てるか 廃棄 する度、 !M! ブロックを得る。 魔法印 :追加 2 ブロックを得る。"
	},
	"Ultra_High_Speed": {
		"NAME":"超高速",
		"DESCRIPTION": " 真夜中 。!B! ブロックを得る。瀟洒 の効果が発動する度、この戦闘中 追加で !M! ブロックを得る。 保留 。"
	},
	"Maid_Intuition": {
		"NAME":"従者の直感",
		"DESCRIPTION": " 使用不可 。このカードを引いた時 筋力 1 を得てこのカードを捨てる。",
		"UPGRADE_DESCRIPTION": " 使用不可 。このカードを引いた時 筋力 1 を得てこのカードを捨てる。 カードを1枚引く。"
	},
	"Perfect_Square": {
		"NAME":"Pe・スクウェア",
		"DESCRIPTION": " 黄昏 . 手札のスキルを全て 廃棄する。 廃棄 したカード2枚毎に [E] を得て ,カードを1枚引く。 廃棄 。",
		"UPGRADE_DESCRIPTION": " 黄昏 . 手札のスキルを全て 廃棄する。 廃棄 したカード2枚毎に [E] を得て ,カードを1枚引く。 保留 。 廃棄 。"
	},
	"Private_Square": {
		"NAME":"Pr・スクウェア",
		"DESCRIPTION": " 真夜中 。手札を全て捨ててその枚数分カードを引く。 NL 廃棄 。",
		"UPGRADE_DESCRIPTION": " 真夜中 。手札を全て捨ててその枚数分カードを引く。"
	},
	"Silver_Blade": {
		"NAME":"シルバーブレード",
		"DESCRIPTION": "魔法。 !B! ブロックを得る。 魔法印 :このターン攻撃される度、ランダムなスキルを手札に加える。",
		"UPGRADE_DESCRIPTION": "魔法。 !B! ブロックを得る。 魔法印 :このターン攻撃される度、ランダムなアップグレードされたスキルを手札に加える。"
	},
	"Silver_Hetero_Dimension": {
		"NAME":"銀色の異次元",
		"DESCRIPTION": "魔法。 手札にランダムなスキルカードを !M! 枚加える。それらのカードのコストは1下がる。 廃棄 。",
		"UPGRADE_DESCRIPTION": "魔法。 手札にランダムなアップグレードされたスキルカードを !M! 枚加える。それらのカードのコストは1下がる。 廃棄 。"
	},


	"NaturalAndUnrestrained_World": {
		"NAME":"完璧で瀟洒な世界",
		"DESCRIPTION": " 黄昏 。次のターン開始時に 時間停止 から抜ける。スタンスから抜ける前に、敵にダメージを与えることができる。 廃棄 。"
	},
	"TRUTH_Grand_Finale": {
		"NAME":"グランドフィナーレ",
		"DESCRIPTION": "山札と捨て札が0のときのみプレイできる。全ての敵に 最大HPの !M! % に等しいダメージを与える。最低でも40のダメージを与える。 保留 。"
	},
	"Tunnel_Effect":{
		"NAME":"トンネル効果",
		"DESCRIPTION": "左端のカードをプレイした時、それがスキルであれば、次にプレイするアタックは2倍のダメージを与える。",
		"UPGRADE_DESCRIPTION": "天賦 。  NL 左端のカードをプレイした時、それがスキルであれば、次にプレイするアタックは2倍のダメージを与える。"
	},
	"Inscribe_Red_Soul": {
		"NAME":"紅い魂の刻印",
		"DESCRIPTION": "!D! ダメージを与える。手札のカード1枚を選びそのカードをX枚捨て札に加える。Xは手札の枚数に等しい。 廃棄 。",
		"UPGRADE_DESCRIPTION": "!D! ダメージを与える。カード1枚を選びそのカードをX枚捨て札に加える。Xは手札の枚数に等しい。"
	},
	"Deflation_World": {
		"NAME":"縮小世界",
		"DESCRIPTION": "同じ名前のカードを連続で !M! 枚プレイすると [E] [E] を得てカードを2枚引く。"
	},
	"Private_Vision": {
		"NAME":"Pr・ヴィジョン",
		"DESCRIPTION": "銀のナイフ を !M! 枚手札に加える。瀟洒 !M! を得る。"
	},
	"Eternal_Meek": {
		"NAME":"エターナルミーク",
		"DESCRIPTION": "敵のブロックを取り除く。 NL !D! ダメージを6回与える。"
	},
	"Killing_Doll_Sakuya": {
		"NAME":"殺人ドール",
		"DESCRIPTION": "殺人ドール Xを得る。Xは 瀟洒 のスタックに等しい。 廃棄 。",
		"UPGRADE_DESCRIPTION": "殺人ドール X + !M! を得る。Xは 瀟洒 のスタックに等しい。 廃棄 。"
	},
	"The_World_Sakuya": {
		"NAME":"ザ・ワールド",
		"DESCRIPTION": "時間停止 中 に、スキルをプレイする度 マジックカウント 2を得る。"
	},
	"Luna_Clock": {
		"NAME":"ルナクロック",
		"DESCRIPTION": "このターン追加でカードを引くことができない。このターンの間手札のカードのコストが0になる。 魔法印 :このターンカードを引くことができる。"
	},
	"Jack_The_Ludo_Bile": {
		"NAME":"迷幻のジャック",
		"DESCRIPTION": "魔法。 !D! ダメージを2回与える。この戦闘の間このカードのダメージを4減らす。魔法印 : アーティファクト 1を得てカードのダメージが減少しない。"
	},
	"Clock_Corpse": {
		"NAME":"クロックコープス",
		"DESCRIPTION": "手札が10枚になるようにカードを引く。弱体 1を得る。 廃棄 。",
		"UPGRADE_DESCRIPTION": "手札が10枚になるようにカードを引く。弱体 1を得る。"
	},
	"Misdirection_Sakuya": {
		"NAME":"注意誘導",
		"DESCRIPTION": "ターン開始時に 占術 !M! を行う。"
	},
	"Time_Paradox": {
		"NAME":"時間の逆説",
		"DESCRIPTION": "このターン,マークされカードをプレイする度、全ての敵に !D! ダメージを与えて、 !B! ブロックを得る。"
	},
	"Phantom_Killer": {
		"NAME":"ファントムキラー",
		"DESCRIPTION": "自分と全ての敵に 弱体 99を与える。!M! ターンの間アタックは3回プレイされる。 廃棄 。"
	},
	"Indiscriminate_Sakuya": {
		"NAME":"無差別攻撃",
		"DESCRIPTION": "この戦闘の間全てのカードをアップグレードする。手札のカードを全てマークする。 廃棄 。"
	},
	"Soul_Sculpture": {
		"NAME":"魂の彫刻",
		"DESCRIPTION": "!D! ダメージを与える。 ブロックされなかったダメージに等しいブロックを得る。 廃棄 。 魔法印 :ターゲットを全ての敵に変更する。"
	},
	"Mysterious_Jack": {
		"NAME":"幻影のジャック",
		"DESCRIPTION": "対象の敵は 筋力 Xを失い 弱体 X を得る。 廃棄 。 魔法印 :ターゲットを全ての敵に変更する。",
		"UPGRADE_DESCRIPTION": "対象の敵は 筋力 Xを失い 弱体 X を得る。 魔法印 :ターゲットを全ての敵に変更する。"
	},

	"CurseOfTime": {
		"NAME":"時の呪い",
		"DESCRIPTION": "使用不可 。 時間停止 に入れない。時間停止 中に マジックカウント を得ることができない。 エセリアル 。"
	}
}