{
  "BigFisheventEX": {
    "NAME": "ビッグフィッシュ",
    "DESCRIPTIONS": [
      "長い廊下を進んでいると #yバナナ , #yドーナツ , #y箱 が浮かんでいるのが見える。 いや...よく見ると天井の穴から出ている紐で縛られている。 近づくと、上から静かなキャッキャッという音がします。 NL どうする？",
      "あなたは #yバナナ を食べた。 栄養価が高くちょっと #b不思議 であなたを癒してくれる。",
      "あなたは #yドーナツ を食べた。 大満足だ！最大HPが上昇する。",
      "",
      "箱の中にすごいものが入っている気がする。 境界線を操作してあなたは箱の中身を自分の手元に引き寄せた。 NL あなたの直感は正しかった。これはあなたの失われた記憶の欠片が含まれていることが分かった....",
      "あなたは箱をつかんだ。中にレリックが入っている！",
      " NL しかし本当はドーナツが食べたかった... NL あなたを #r後悔 に似た悲しみが包み込む。"
    ],
    "OPTIONS": [
      "[バナナ]  #gHP  #g",
      " #g回復。",
      "[ドーナツ] #g最大 HP #g+",
      " #g。",
      "[箱] #gレリックを入手。 #r呪い #rを得る。 #r- #r後悔",
      "[スペシャル: 箱] #g記憶の欠片 +1 #g",
      "[離れる]"
    ]
  },

  "TheEndpurpleEX": {
    "NAME": "一巻の終わり",
    "DESCRIPTIONS": [
      "塔を旅していると, 背筋が凍るような寒さを感じる ~誰かが~ 息を吹きかけているような気がする。 NL この存在感は...見覚えのある人のような気がする...忘れられない人のような気がする。 NL 心の中にかすかな存在感のあるイメージが浮かびあがる。 この感情は #b彼女 のせいだと疑っているが,それが本当に彼女なのか, それとも単に塔の残酷なトリックなのか、...",
      "あなたはすぐに、忌まわしい寒さの方向に向きを変えて走り、やがて遠くに #rピンク の髪をした ~浮遊している~ 女性の姿を見ました。 NL 彼女に近づくと、彼女はあなたに向かって振り返り, ~彼女の眼に光がない!~ まるで操り人形のように、何かに操られているかのようだ...",
      "突然， #y~扇子が飛びだしてきた~. NL あなたの直感は何か邪悪なものがこちらに来ることを告げています...",
      "寒気の元から離れて歩くことにした。 しかし,一歩踏み出すと,心の奥底から深い感情が湧き上がってくるのを感じる。 親愛なる友人を死よりも悪い運命に見捨てたようなものだ。 NL 膝をついて、#r~後悔~ のあまり静かにすすり泣く...。",
      "彼女を制圧したあなたは、力を振り絞り,彼女の故郷の...いや、私たちの故郷...幻想郷に送り返す。やがて、彼女の体の形は次第に無の中へと消えていった。 NL 心の重荷が取り除かれたような気がする。 しかし、個人的な使命を達成したとはいえ、まだ一つだけやらなければならないことがある...それは、塔の主を倒すことだ。 NL 力が戻ってくるのを感じながら前に進んだ...",
      "リスクが大きすぎると考えて、ここを去ることにした。",
      "永遠のように思えた中で初めて、あなたは彼女に敗北した。しかし、憐れみかのようなしぐさを見せて、彼女はあなたを終わらせずに姿を消した。 NL あなたは何かが変化していることに気づく..."
    ],
    "OPTIONS": [
      "[吐息を追う] 必須: 最低でも #g4 つの記憶の欠片",
      " #r特別なボスと戦う",
      "[離れる] #r呪い #rを得る #r- #r後悔",
      "[終わらせる。今すぐに]  #r戦闘開始  —— ",
      "[報酬の獲得]",
      "[Locked] 必須: 最低でも #g4 つの記憶の欠片",
      "[続ける]",
      "[離れる]",
      "[吐息を追う] #r最大HPの20％分のダメージを受ける。",
      "[Locked] 必須: 現在 HP > 最大HP ",
      "[ #戦闘開始 ]"
    ]
  },

  "KnowingSkulleventEX": {
    "NAME": "しゃれこうべ",
    "DESCRIPTIONS": [
      "装飾が施された古い部屋に入った 部屋の中央の豪華な台座には,巨大な頭蓋骨が鎮座している。近づくと図解骨が発火して炎に包まれた。あなたを見つめている。 NL 妖怪の賢者であるあなたの知識で,この頭蓋骨は人間の本質を食べることで卑しい命をつないでいる弱い妖怪であることを直感で理解した。 NL NL \" #g@貴様!貴様はこの世界の住人ではないな!@\" NL 燃え盛る頭蓋骨は恐怖している。  \"お前は何者だ何をするためにここに来たのだ \"",
      "あなたの意図と塔に来た目的を知ったことで頭蓋骨は落ち着いている。 NL NL \"死の恐怖を求めるか?\" NL \"彼女は街を離れ塔へと入っていった。\"",
      "\"それでも私が必要ならば、私ができる限りのことをお手伝いします。もちろんコストはありますが...伝説の賢者の生命力を奪おうとした方がいいとは思いますが。\"",
      "頭蓋骨から必要だと思うものを取り出し、スキマを通って部屋を出る。",
      "その助けを拒否した後、あなたはスキマを通って部屋からでます。"
    ],
    "OPTIONS": [
      "[彼女はどこ?] 彼女の居場所の情報を得る。",
      "[了解]",
      "[命の本質] 150ゴールドを払って最大HP10を得る。",
      "[古代のオブジェクト] 200ゴールドを払ってランダムなレリックを得る。 ",
      "[助けはいらない]",
      "[Locked] 150ゴールド必要",
      "[Locked] 200ゴールド必要",
      "[離れる]"
    ]
  },

  "ForgottenAltareventEX": {
    "NAME": "忘れらた祭壇",
    "DESCRIPTIONS": [
      "古の神を祭った祭壇が目の前にある。 NL 祭壇の上には両手を広げた女神像がおかれている。 像から恐ろしいオーラを感じているがそれは彼女がここに来たことを示している。 NL 彼女はあなたに問いかける。贄を捧げよと。",
      "祭壇に像を置くと冷たい風が部屋の中に渦巻く。 NL 像の腕が変色して崩れ始める。 NL NL 黄金像は色がくすんできて、目から血を流し始める。 NL 血はとめどなく流れ続ける。",
      "あなたは祭壇に立ち手首を切った。 NL 流れ出る血が贄となる。女神像が腕を伸ばしてあなたの眼を閉じる。 NL 真っ暗になった。 NL しばらくして目を覚ますと何か新しい力に目覚めたような感覚を覚えた。",
      "あなたは像の中に何かを感じた。それは彼女に近づく助けになると感じた。 NL あなたは力を少しだけ作り出し像を押しつぶした。 粉々になった像の破片から記憶の欠片が浮かび上がる。",
      "少し観察したところこの像からは有益な情報を得られないことがわかったのでその場を離れることにした。"
    ],
    "OPTIONS": [
      "[供物: 黄金の偶像] #g特別なレリックを得る。 #r黄金の偶像を失う。",
      "[Locked] 必要: 黄金の偶像",
      "[生贄] #g最大HP #g",
      " #g #rHPを #r",
      " #r失う。",
      "[Locked] 必要: 人間性",
      "[Crush] #g記憶の欠片 +1 #g",
      "[Check]",
      "[離れる]"
    ]
  },

  "TheLibraryeventEX": {
    "NAME": "図書館",
    "DESCRIPTIONS": [
      "装飾を施した建物がある廃墟のようだ。 NL 壁から剥がれ落ちた銘板が床に横たわっている。 それには, #b\" #b図書館\"と書かれている。 NL 中には数え切れないほどの巻物や原稿、本が並んでいる。 NL これらの書物を通して世界を知ることは役に立つはずだ。あなたは本を手に取って長いソファーに座った",
      "しばらく本を読んだ後これが塔を理解するのにはあまり役に立たないことに気がづいた。がっかりしても仕方がない。 NL 図書館の広い場所でしばらく休むことにする。",
      "昆虫を操る少女がヒーローを目指す物語。 力の創造的な使い方、戦闘戦略、様々な視点からの考察が満載だ。 NL 満足できる内容だ。",
      "星を越えて旅をし、荒涼とした異国の惑星に身動きが取れなくなってしまった男の物語。 I彼の正気を保つための工夫、運、忍耐、そしてユーモアが、彼が帰国するための道具となったのです。 NL 魅力的な物語だ。",
      "物語の舞台は、外の状況が耐えられなくなった地下の巨大な隔離された建物。 小説は陰謀、プロパガンダ、不正にまみれている。 塔の中で似たような力学が働いているかを考えてみた。 NL この本の筋書きを考えて、あなたはくすくす笑います。あなたは人間同士の対立はあまり面白くないと思っている。"
    ],
    "OPTIONS": [
      "[読む] #g20枚のカードの中から1枚を選んでデッキに加える。",
      "[休む] #gHPを #g",
      " #g回復する。",
      "[離れる]",
      "デッキに加える。"
    ]
  },

  "FaceTrader": {
    "NAME": "フェイストレーダー",
    "DESCRIPTIONS": [
      "あなたは様々な仮面を携えた不気味な彫像の前を歩いていた.... NL 何者かかがあなたの後ろからそっと囁いた, NL ~\"止まれ。\"~",
      "はっと振り向くとこちらを向いている彫像と鉢合わせになった！ NL よく見てみるとそれは彫像ではなく彫像のようにやせこけた男だ どうやら呼吸もしているのか? NL NL ~\"顔~ ~顔を~ ~触らせて~ ~くれんか?~ ~それとも~ ~交換?\"~",
      "~\"報酬?~ ~報酬.\"~ NL まるで機械のようにきれいに積み重なった #yゴールド を持ち上げてあなたの袋の中にいれた。 NL NL ~\"なんとも~ ~見事な~ ~顔を~ ~している。~ ~いい~ ~顔だ\"~ NL 彼があなたの顔に触れると生命力を吸い取られるのを感じた! NL この間に彼の仮面は外れて落ち砕け散った。悲鳴を上げながら彼はほかの全てのマスクを投げ捨てて6本の腕で顔を覆った! 叫び声が響き仮面が次々と砕け散る中あなたは逃げ出した。 NL NL 彼の顔は完全に空っぽだったのだ",
      "~\"私~ ~とか?~ @私@ @とか?@ ~おお~ ~いいぞ..~ ~いい.~ ~いい..~ ~ウーム...\"~ NL NL 彼が近づく前にあなたは彼にもっとも暗い輝きを与えます。 '顔をつぶして死ね'. マスク越しに感じるほどの恐怖から、男はゆっくりと身を引く。",
      "~\"止まれ~ ~止まれ~ ~止まれ~ ~止まれ~ ~止まれ\"~ NL NL おそらくこれが正しい判断だったはずだ。 顔に大きな軽蔑の念を抱いて立ち去った。",
      "手にした金貨を手にした後、慎重に人の上の面の一つを差し出す。"
    ],
    "OPTIONS": [
      "[触れる] #rHPを失う #r",
      " #gゴールド 得る。",
      "[トレード] ",
      "[離れる]",
      "[続ける]",
      " #rHP, #g回復 #g",
      "[トレード] #g75 #gゴールド 使う。 #g50%: #gよい #gレリック #r50%: #r悪い #rレリック",
      "[Locked] 75ゴールド必要"
    ]
  }
}