{

	"PositivematterPower": {

		"NAME": "破滅",

		"DESCRIPTIONS": ["#yライフサップ を与える度に,(初期の #yライフサップ x #b",")に等しい追加の #yライフサップ ダメージを与える。 #y破滅 は自分のターン終了時に0にリセットされる。"]

	},

	"AntimatterPower":{

		"NAME": "創世",

		"DESCRIPTIONS": ["カードをプレイしてブロックを得る度に,(そのカードの初期ブロック × #b",")の追加ブロックを得る。 #y創世 はあなたのターン終了時に0にリセットされる。"]

	},

	"MemoryfragmentsPower_purpleEX": {

		"NAME": "辛い記憶",

		"DESCRIPTIONS": ["'記憶の欠片'入手による特殊なデバフ。 被ダメージを 5% x #b", "増加させる。"]
	},

	"DMGremovePower": {

		"NAME": "アタックドレイン",

		"DESCRIPTIONS": ["次の #b","回受けたダメージを吸収して蓄積する。"]

	},

	"DMGreturnPower": {

		"NAME": "蓄積された力",

		"DESCRIPTIONS": ["蓄積 #b"," #yアタックドレイン によって蓄積されたダメージ。"]
	},

	"RealmPower": {

		"NAME": "境界",

		"DESCRIPTIONS": ["#y境界 #b"," を持っている。 (max: 5)。","特定のカードは #y境界 をプレイする事で追加効果を発動する。戦闘終了時に #y境界 のスタック分のHPを回復する。"]
	},

	"NextturnCardPower": {

		"NAME": "力を開放する準備",

		"DESCRIPTIONS": ["次の自分のターン開始時に #b","枚の「力の開放」を手札に加える。"]
	},

	"AntimatterCLOCK": {

		"NAME": "反創世",

		"DESCRIPTIONS": ["創世 の使用を誘発する効果は機能しない。"]
	},

	"Ookami_KakushiPower": {

		"NAME": "大神隠し",

		"DESCRIPTIONS": ["このモンスターに対して #yライフサップ が与えられるたびに,","大神隠しのスタックと同じ分の #yライフサップ を追加で与える。 大神隠しはこの効果が発動する度,1減少する。"]
	},

	"PositiveMatterAntimatterUniverse_Power": {

		"NAME": "物質と反物質",

		"DESCRIPTIONS":["アタック以外のカードをプレイする度, #yライフサップ #b"," をランダムな敵に与える。"]
	},

	"WatchEyeChangePower": {

		"NAME": "変容を見る目",

		"DESCRIPTIONS":["敵にダメージを与える度, その敵に追加で #yライフサップ を与えて50%のダメージを与える。 残り #b"," ターン"]
	},

	"BaitToxicabitPower": {

		"NAME": "苛性餌",

		"DESCRIPTIONS":["このターンの間攻撃を受ける度, #y毒 と #y弱体 を #b"," 攻撃してきた敵に与える。"]
	},

	"FourBoundaryPower": {

		"NAME": "四つの境界線",

		"DESCRIPTIONS":["自分のターン終了時に #b"," #yブロック に, このターン自分に適用されたユニークバフの量を乗算した #yブロック を得る。"]
	},

	"PerpetualMotionMachine": {

		"NAME": "永久機関",

		"DESCRIPTIONS":["自分のターン終了時に, 最後にプレイしたカードがスキルなら, #y大神隠し を"," 全ての敵に与える。"]
	},

	"CommonSenseAntiCommonSensePower": {

		"NAME": "常識と非常識の境界",

		"DESCRIPTIONS":["異なるカードタイプのカードを2枚連続でプレイした場合 (例 スキルの後にアタックをプレイする), #y境界 #b"," を得る。"]
	},

	"TwoAndThreeElementRealmPower": {

		"NAME": "二次元と三次元の境界",

		"DESCRIPTIONS":["このターンに受けたHPのダメージは全て次のターン開始時に回復する。"]
	},

	"HpHealinNextTurn": {

		"NAME": "次ターン回復。",

		"DESCRIPTIONS":["次のターン開始時にHPを #b","回復する。 "]
	},

	"WangLiang_OokamiKakushi_Power": {

		"NAME": "八雲紫の神隠し",

			"DESCRIPTIONS":["このモンスターが次の #b","回受けるインスタンスの #yライフサップ ではないダメージはそのモンスターの最大HPの5%を失う"]

	},

	"DoubleDeathButterflyPower": {

		"NAME":"二重黒死蝶",

		"DESCRIPTIONS":["#y境界 の最大スタック量を10まで上げる。 #y境界 を5以上持っている場合, #y境界 が減る度に  "," を得る。"]
	},

	"Human_Monster_RealmPower": {

		"NAME":"人と妖怪の境界",

		"DESCRIPTIONS":["次の #b","回のカードは2回プレイされる。"]
	},

	"ContainerChangePower": {

		"NAME":"コンテナシフト",

		"DESCRIPTIONS":["自分のターン終了時に, #y破滅 と #y創世 は0にリセットされなくなる。"]
	},

	"UniverseChoicePower": {

		"NAME": "ライフスレッド",

		"DESCRIPTIONS":["致死ダメージを受けた時,死亡せずにHPが1になる。 この効果が発動した次の自分のターン開始時に, HPを #b","% 回復してこのパワーを取り除く。"]
	},

	"ProofOfUnderstandingPower": {

		"NAME": "全知全能の証明",

		"DESCRIPTIONS":["#yライフサップ の発動時に大神隠しのスタックが減らなくなる。"]
	},

	"UndeadAttractedbythetowerPower": {

		"NAME": "魅了された死人",

		"DESCRIPTIONS":["ブロックされていないアタックを4回受けた時, このモンスターは最大HPの5%に等しい追加ダメージを受ける。 アタックカードを6枚プレイする度10ダメージを受ける。現在アタックカードを #b","枚プレイしています。"]
	},

	"ForceddeathEXPower": {

		"NAME": "死者の守り",

		"DESCRIPTIONS":["このモンスターに与えられるブロックされていないダメージを10% x #b"," 軽減する。 このバフが10になった時,このバフのスタックを全て取り除く"]
	},

	"PriceofRealmPowerPurpleEX": {

		"NAME": "境界の価値",

		"DESCRIPTIONS":["カードをドローする度, HPを #b"," 失う。 ターン終了時にこのバフを削除する。"]
	},

	"ComputingthefuturePowerpurpleEX": {

		"NAME": "未来演算",

		"DESCRIPTIONS":["あなたのターン終了時に, 山札に20枚以上のカードがあるなら, #y占術 #b","を行う。"]
	},

	"BoundaryofExterminationPowerpurpleEX": {

		"NAME": "破滅の結び目",

		"DESCRIPTIONS":["あなたのターン終了時に,山札に20枚以上のカードがあるなら,  #yライフサップ を自分の最大HPの #b","% に等しい数敵に与える。"]
	},

	"LoveAcrossDimensionsPower": {

		"NAME": "次元を超えた愛",

		"DESCRIPTIONS":["#y創世 と #y破滅 のスタックを得ることができなくなる。 自分のターン開始時に, 筋力 2を得る。 境界 のスタックが5以上なら, 金属化 に変換される。 各ターンの1枚目にプレイするカードは2回プレイされる。"]
	}
}