{
  "AntimatterShow": {
    "NAME": "創世",
    "DESCRIPTION":["1ターンの間に#yスキル カードを #b3 枚プレイする度, #y創世 1を得る。 #b========================== #y創世 : カードをプレイしてブロックを得る度,(初期ブロックx現在の創世のスタック)に等しい追加のブロックを得る。創世はターン終了時に0になる。 #b========================== (これは指標です。)"]
  },

  "PositivematterShow": {
    "NAME": "Ruination",
    "DESCRIPTION":["1ターンの間に#yアタック カードを #b3 枚プレイする度, #y破滅 1を得る #b========================== #y破滅 : ライフサップを与える度,(初期ライフサップx現在の破滅のスタック)に等しい追加ダメージを与える。 破滅はターン終了時に0になる。 #b========================== (これは指標です。)"]
  }
}