{

	"Boundary_crack":{
		"NAME":"ひび割れたスキマ",
		"FLAVOR":"塔の悪は、それを倒しに来た全ての者の力を抑制する...伝説の妖怪の賢者でさえも。",
		"DESCRIPTIONS":["#bパワー カードをプレイする度, #y境界 1を得る。"]

	},

	"Memoryfragments_purpleEX": {
		"NAME":"失われた記憶の欠片",
		"FLAVOR":"'彼女を救わなければならない。今度は私が...'",
		"DESCRIPTIONS":["エリートを倒す度,「記憶の欠片」を入手してこのレリックのカウンターを1上昇させる。(max: 4) 「記憶の欠片」を入手する度現在HPの30%を失う。 このレリックのカウンターが #b1 以上の場合,戦闘開始時に受けたダメージを増加させるデバフを得る。  このレリックのカウンターが #b2 以上の場合,各ターンの開始時に2枚までカードをドローする。"]
	},

	"Antimatter_spacedebris": {
		"NAME":"反物質デブリ",
		"FLAVOR":"起源不明の反物質の破片だ 潜在的なエネルギーが 塔のの抑制的なオーラを 打ち消しているようだ",
		"DESCRIPTIONS":["#bパワー カードをプレイする度, ランダムな敵に #y大神隠し #b3 を与える。"]
	},

	"Parasol_purpleEX": {
		"NAME":"賢者の日傘",
		"FLAVOR":"絶妙なデザインの日傘。のんびりとしたお散歩に重宝します。",
		"DESCRIPTIONS":["#y破滅 か #y創世 を得る時追加で1得る。"]
	},

	"Seventeenyearold_girl_Forever": {
		"NAME":"永遠の17歳の少女",
		"FLAVOR":"'いつも17歳'",
		"DESCRIPTIONS":["#y境界 のスタックが最大値の状態で戦闘を終了させると最大HP2を得る。"]
	},

	"ThegodofHakurei_purpleEX": {
		"NAME":"博麗の神の紋章",
		"FLAVOR":"白麗神社を見下ろす、これまで知られていなかった神を表すエンブレム。ある友人の巫女さんから受け取ったことを思い出す...",
		"DESCRIPTIONS":["#y境界 のスタックが減るたびに, 全ての敵に #y大神隠し #b3 を与える。"]
	},

	"TheEssenceOfRealm": {
		"NAME": "天界の本質",
		"FLAVOR":"自然界の基本的な法則が形成されている、存在そのものの本質。それがなければ、現実そのものが原始的な混沌に崩壊してしまう。",
		"DESCRIPTIONS":["自分のターン終了時に #y境界 のスタックが0なら捨て札の枚数に等しいブロックを得て,捨て札を山札に加えてシャッフルする。"]
	}
}