{
  "LoveAcrossDimensionsAction_purple": {
    "TEXT": [
      "0コストになる。 エセリアル と 廃棄 を得る。"
    ]
  },
  "OmniscientAndOmnipotentMonsterAction": {
    "TEXT": [
      "山札に移す。"
    ]
  },
  "RewardEnumPuepleEX": {
    "TEXT": [
      "デッキのカードを全てアップグレード",
      "HPを全回復する。",
      "デッキから全ての呪いを取り除く。",
      "特別なカードを入手"
    ]
  },
  "MakecardtoDrawPileBottomAction": {
    "TEXT": [
      "山札の一番下に移す。"
    ]
  }
}