{
  "Defend_purpleEX": {
    "NAME": "防御",
    "DESCRIPTION": "!B! ブロックを得る。"
  },
  "AT_purpleEX": {
    "NAME": "ストライク",
    "DESCRIPTION": "!D! ダメージを与える。"
  },
  "Observe_purple_1": {
    "NAME": "境界の湧出",
    "DESCRIPTION": "!D! ダメージを与える。 NL ライフサップ !M! を与える。"
  },
  "Observe_purple_2": {
    "NAME": "作られた境界",
    "DESCRIPTION": "!B! ブロックを得る。 NL 境界 !M! を得る。"
  },
  
  
  
  "DistantPastFriend_purple": {
    "NAME": "遠い昔の友人",
    "DESCRIPTION": "自分のターン開始時に, プレートアーマー !M! を得る。 NL エセリアル。"
  },
  "D_release_purple": {
    "NAME": "力の開放",
    "DESCRIPTION": "自分の持っている 蓄積された力 に等しいダメージを与える。 蓄積された力 を全て削除する。 NL 保留。 廃棄。"
  },
  
  
  
  "Worldmountain_purple": {
    "NAME": "至る所に青山あり",
    "DESCRIPTION": "全ての敵に !D!ダメージを3回与える。"
  },
  "MeetDecomposer_purple": {
    "NAME": "肉体分解機",
    "DESCRIPTION": "!B! ブロックを得る。 NL 境界 1: 追加で4ブロックを得て !M! ドローする。"
  },
  "Charmbait_purple": {
    "NAME": "魅惑のエサ",
    "DESCRIPTION": "全ての敵に !D!ダメージを与える。 境界 1: ランダムな敵に ライフサップ 6 と 大神隠し !M! を与える。"
  },
  "Umbrella_purple": {
    "NAME": "円月傘",
    "DESCRIPTION": "ランダムな敵に !D! ダメージと 大神隠し !M! を3回与える。"
  },
  "AdvanceAttack_purple": {
    "NAME": "突進攻撃",
    "DESCRIPTION": "!D! ダメージを与えて1 ドローする。 NL 次のターン !M! ブロックを得る。"
  },
  "RuleDissolution_purple": {
    "NAME": "ルール解消",
    "DESCRIPTION": "手札のカードを 廃棄 する。カードをドローして 境界 3を得る。 廃棄。"
  },
  "ExistenceContinue_purple": {
    "NAME": "存在と継続の境界",
    "DESCRIPTION": "!D! ダメージを与える。 NL 境界 3: 破滅 が0ならば 筋力 !M! を得る。"
  },
  "DimensionStaggered_purple": {
    "NAME": "次元交錯",
    "DESCRIPTION": "!B! ブロックと 境界 !M! を得る。"
  },
  "StateErode_purple": {
    "NAME": "境界の浸食",
    "DESCRIPTION": "!D! ダメージと 大神隠し !M! を与える。"
  },
  "Line_surface_state_purple": {
    "NAME": "線と面の境界",
    "DESCRIPTION": "!B! ブロックを得る。 破滅 を得る度にこのカードを捨て札から手札に戻す。"
  },
  "SfantasyHide_purple": {
    "NAME": "幻想秘匿",
    "DESCRIPTION": "!B! ブロックを得る。 NL 手札のカードを2枚 保留 する。"
  },
  "StateDuplicate_purple": {
    "NAME": "境界の複製",
    "DESCRIPTION": "!B! ブロックを得る。 NL 境界 1: 捨て札のカードを1枚選び山札の上に置く。"
  },
  "OmniscientAndOmnipotent_Monster_purple": {
    "NAME": "全知全能の妖怪",
    "DESCRIPTION": "ライフサップ !D! を与える。 ライフサップ は 境界 のスタック分増加する。",
    "UPGRADE_DESCRIPTION": "ライフサップ !D! を与える。 ライフサップ は 境界 のスタックの2倍増加する。"
  },
  "SharpContractionReality_purple": {
    "NAME": "契約の現実",
    "DESCRIPTION": "!D! ダメージを与える。 境界 2: 創世 1 を得る。"
  },
  "Mirror_FormAndEmptin_purple": {
    "NAME": "境符「色と空の境界」",
    "DESCRIPTION": "破滅 と 創世 が0なら 境界 !M! を得てカードをドローする。"
  },
  "Shallow_ocean_purpleEX": {
    "NAME": "浅層の海",
    "DESCRIPTION": " 天賦 。全ての敵に山札の半分に等しい ライフサップ を与える。 廃棄。",
    "UPGRADE_DESCRIPTION": " 天賦 。全ての敵に山札の半分に等しい ライフサップ を与える。"
  },
  "Realm_recovery_purpleEX": {
    "NAME": "境界の回復",
    "DESCRIPTION": "山札の一番下のカードをプレイする。 対象はランダムな敵となり 廃棄 される。"
  },
  
  
  
  "WeekHit_purple": {
    "NAME": "怒涛の一撃",
    "DESCRIPTION": "!D! ダメージを与える。 NL 境界 1: 弱体 と 脱力 を!M! 与える。"
  },
  "MNeedle_purple": {
    "NAME": "妖回針",
    "DESCRIPTION": "!D! ダメージを与える。 NL 境界 3: 対象からランダムなバフを取り除く（無形 は除く）。 NL この効果で 筋力 が取り除かれた場合 同じ分の 筋力 を得る。"
  },
  "PurpleNeedle_purple": {
    "NAME": "頂門紫針",
    "DESCRIPTION": "!D! ダメージを与える。 敵の現在HPが最大HPの20%以下の場合 (最小 15), 代わりにHPを0にする。"
  },
  "OpenedBox_purple": {
    "NAME": "開けて悔しき玉手箱",
    "DESCRIPTION": "大神隠し !M! と 脱力 2を与える。"
  },
  "ButterflyHiddenTemple_purple": {
    "NAME": "罔両「禅寺に棲む妖蝶」",
    "DESCRIPTION": "!B! ブロックを得る。 境界 2: 創世 が0なら 敏捷性 !M! を得る。"
  },
  "PositiveMatter_Antimatter_Universe_purple": {
    "NAME": "物質と反物質の宇宙",
    "DESCRIPTION": "アタックでないカードをプレイする度,ランダムな敵に ライフサップ 3 を与える。"
  },
  "EighthInstrument_OneDividesIntoTwo_purple": {
    "NAME": "捌器「全てを二つに別ける物」",
    "DESCRIPTION": "!D! ダメージを与える。 NL 大神隠し の!M! 倍のダメージを与える。"
  },
  "WatchEChange_purple": {
    "NAME": "変容を見る目",
    "DESCRIPTION": "敵にダメージを与える度, 与えたダメージの50%にあたる ライフサップ を追加で与える。"
  },
  "WingOfChimera_purple": {
    "NAME": "キマイラの翼",
    "DESCRIPTION": "!B! ブロックを得る。 NL 境界 3: トゲ !M! を得る。捨て札からカードを1枚選び山札の一番下に置く。"
  },
  "RuptureOfTimeAndSpace_purple": {
    "NAME": "時空の綻び",
    "DESCRIPTION": "弱体 Xを与えて 筋力 をX減少させる。Xは 境界 のスタックである。 NL 廃棄。",
    "UPGRADE_DESCRIPTION": "弱体 X+3を与えて 筋力 をX+3減少させる。, Xは 境界 のスタックである。 NL 廃棄。"
  },
  "Anti_communist_purple": {
    "NAME": "非常識の裏側",
    "DESCRIPTION": "!B! ブロックを得る。 NL 敵のスタック可能なでデバフを全て4増加させる。 (例：弱体 や 毒)",
    "UPGRADE_DESCRIPTION": "!B! ブロックを得る。 NL 敵のスタック可能なデバフを全て2倍にする。 (例： 弱体 や 毒) NL 廃棄。"
  },
  "StretchesForeverDream_purple": {
    "NAME": "永遠の夢",
    "DESCRIPTION": "!B! ブロックを得る。 NL 境界 2: 破滅 1を得る。"
  },
  "Photoelasticity_Doppler_Effect_purple": {
    "NAME": "光弾「ドップラーエフェクト」",
    "DESCRIPTION": "ライフサップ !D! を X回与える。 NL 毒 Xを与える。"
  },
  "Bait_Toxicbait_purple": {
    "NAME": "空餌「中毒性のあるエサ」",
    "DESCRIPTION": "!B! ブロックを得る。このターン攻撃を受ける度に, 攻撃してきた敵に 毒 !M! と 弱体 2を与える。"
  },
  "Bait_HighSpeedFlying_purple": {
    "NAME": "空餌「狂躁高速飛行物体」",
    "DESCRIPTION": "全ての敵に !D! ダメージと 大神隠し !M! を与える。"
  },
  "Nest_LightFlightworm_purple": {
    "NAME": "幻巣「飛光虫ネスト」",
    "DESCRIPTION": "!D! ダメージを与えて !B! ブロックを得る。破滅 が0ならば ライフサップ !M! を与える。 創世 が0ならば追加で !M! ブロックを得る。"
  },
  "Mirror_FourBoundary_purple": {
    "NAME": "境符「四重結界」",
    "DESCRIPTION": "このターン, 自分が得たバフが前回得たものと異なるものである度に, ターン終了時に !M! ブロックを得る。",
    "UPGRADE_DESCRIPTION": " 天賦 。このターン, 自分が得たバフが前回得たものと異なるものである度に, ターン終了時に !M! ブロックを得る。"
  },
  "Boundary_ObjectiveBoundary_purple": {
    "NAME": "結界「客観結界」",
    "DESCRIPTION": "境界 を全てプレートアーマーに変換する。",
    "UPGRADE_DESCRIPTION": "境界 を全てプレートアーマーに変換する。 NL プレートアーマー 3を得る。"
  },
  "ExternalForce_HighSpeedFlying_purple": {
    "NAME": "外力「無限の超高速飛行体」",
    "DESCRIPTION": "全ての敵に !D!ダメージを与える.境界 のスタックが変わるたびにこのカードのコストを1減らす。 NL 保留 "
  },
  "Fantasy_PerpetualMotionMachine_purple": {
    "NAME": "幻想「第一種永久機関」",
    "DESCRIPTION": "自分のターン終了時に, 最後にプレイしたカードがスキルカードなら全ての敵に 大神隠し !M! を与える。"
  },
  "Boundary_DreamRealityDamnation_purple": {
    "NAME": "結界「夢と現の呪」",
    "DESCRIPTION": "使用不可 。 NL 自分のターン終了時に, 全ての敵に !D!ダメージを与える。 NL 境界 のスタックが変わる度このカードのダメージを !M! 上昇させる。"
  },
  "Boundary_DynamicStaticEquilibrium_purple": {
    "NAME": "結界「動と静の均衡」",
    "DESCRIPTION": "敵を選択する。 ターゲットが 大神隠し を5以上持っているなら 大神隠し を5取り除いて [E] を得る。 境界 2: !M! ドローする。",
    "UPGRADE_DESCRIPTION": "敵を選択する。 ターゲットが 大神隠し を5以上持っているなら 大神隠し を5取り除いて [E] [E] を得る。 境界 2: !M! ドローする。"
  },
  "Boundary_LightAndDark_purple": {
    "NAME": "結界「光と闇の網目」",
    "DESCRIPTION": " 手札を最大 !M! 枚まで 廃棄 して 廃棄 したカードの種類によってバフを得る。 NL パワー: 境界 2を得る。 NL 状態異常: 金属化 2を得る。 NL 呪い: アーティファクト 1 を得る。"
  },
  "ButterflyHabitatTemple_purple": {
    "NAME": "禅寺に隠れ潜む妖蝶",
    "DESCRIPTION": "!B! ブロックを得る。 NL 廃棄したカードから1枚手札に戻す。",
    "UPGRADE_DESCRIPTION": "!B! ブロックを得る。 NL 廃棄したカードから2枚手札に戻す。"
  },
  "Mirror_Drifter_purple": {
    "NAME": "境界「溢れ出る漂流物」",
    "DESCRIPTION": "!D! ダメージを与える。 NL このカードで 致命 した場合 !M! ゴールドを得る。",
    "UPGRADE_DESCRIPTION": "!D! ダメージを与える。 NL このカードで 致命 した場合 !M! ゴールドを得る。"
  },
  "Yakumo_Ran_purple": {
    "NAME": "式神「八雲藍」",
    "DESCRIPTION": "!B! ブロックを得る。 NL 境界 のスタックがない場合, [E] を得て次のターン追加で2ドローする。"
  },
  "MetroBOOM_purple": {
    "NAME": "無人廃線車両爆弾",
    "DESCRIPTION": "境界 2: ブラー !M! を得る。 NL このカードを 廃棄 した時, ボム 3を得る。 (ボム は !D! ダメージを与える。)"
  },
  "Mirror_WaveAndshot": {
    "NAME": "境符「波と粒の境界」",
    "DESCRIPTION": "山札からカードを !M! 枚選び手札に加える。 NL 境界 のスタックが0でないならカード !M! 枚捨てる。"
  },
  "RealityDreamConfluencek_purple": {
    "NAME": "夢と現の交差点",
    "DESCRIPTION": "山札の一番下にランダムなカードを2枚加える。 NL 境界 2: 2枚ではなく4枚追加する。",
    "UPGRADE_DESCRIPTION": "山札の一番下にランダムなアップグレードされたカードを2枚加える。 NL 境界 2: アップグレードされたカードを2枚ではなく4枚加える。"
  },
  "DarkRealmRedLine_purple": {
    "NAME": "闇の中の赤い糸",
    "DESCRIPTION": "!D! ダメージを与える。 NL 境界 3：HPを !M! 回復する。; NL 廃棄  "
  },
  "CommonSense_AntiCommonSense_purple": {
    "NAME": "常識と非常識の境界",
    "DESCRIPTION": "ターンの間に, 異なる種類のカードを2枚並べて使用する度 (例:スキルの後にアタックを使用), 境界 !M! を得る。"
  },
  "WorldDissolvedintheRealm_purple": {
    "NAME": "現実に溶けこんだ世界",
    "DESCRIPTION": "全ての敵に ライフサップ !D! を与える。 境界 2: 破滅 と 創世 が0ならば ライフサップ !D! を更に2回与える。"
  },
  "Erosivefilter_purple": {
    "NAME": "腐食フィルター",
    "DESCRIPTION": "!B! ブロックを得る。 NL 境界 3: 自分のデバフをランダムに取り除く。"
  },
  "Extrememeaning_purpleEX": {
    "NAME": "極意",
    "DESCRIPTION": "山札の一番下のカードを2枚手札に加える。 この効果で手に入れたスキルカードを全て捨てる。 NL 境界 2:2ドローする。"
  },
  "Boundary_of_Extermination_purpleEX": {
    "NAME": "破滅の結び目",
    "DESCRIPTION": "自分のターン終了時に, 山札に20枚以上のカードがあるなら,  ライフサップ を自分の最大HPの !M! % に等しい数敵に与える。"
  },
  
  
  
  "Fancifulhole_purple": {
    "NAME": "幻想狂想穴",
    "DESCRIPTION": "ライフサップ !D! を与える。 境界 2: 敵が攻撃しようとしている場合, ライフサップ !D! を再度, 敵の攻撃回数と同じ分与える。(max. 5)"
  },
  "Know_ledgeAbilityRealm_purple": {
    "NAME": "知能と脚の境界",
    "DESCRIPTION": "大神隠し の !M! 倍の ライフサップを与える。これにより敵を倒した場合,2ドローして [E] を得る。.",
    "UPGRADE_DESCRIPTION": "大神隠し の !M! 倍の ライフサップを与える。これにより敵を倒した場合,2ドローして [E] [E] を得る。 NL 保留。"
  },
  "LoveAcrossDimensions_purple": {
    "NAME": "次元を超えた愛",
    "DESCRIPTION": "創世 と 破滅 のスタックを得ることができなくなる。自分のターン開始時に, 筋力 2を得る。 幻想 と 永続 を得る。 NL エセリアル。",
    "UPGRADE_DESCRIPTION": "創世 と破滅 のスタックを得ることができなくなる。自分のターン開始時に, 筋力 2を得る。 幻想 と 永続 を得る。 NL エセリアル。"
  },
  "Mirror_TwoAndThreeElementRealm_purple": {
    "NAME": "境符「二次元と三次元の境界」",
    "DESCRIPTION": "使用不可 。 天賦 。 NL 次のターン このターンに受けたダメージに等しいHPを回復する。このカードを引いた時, 廃棄 する。",
    "UPGRADE_DESCRIPTION": "使用不可 。 天賦 。 NL 次のターン このターンに受けたダメージに等しいHPを回復するこのカードを引いた時, 1ドローして, このカードを 廃棄する。"
  },
  "WangLiang_LineAndCurveDreams_purple": {
    "NAME": "罔両「ストレートとカーブの夢郷」",
    "DESCRIPTION": "アーティファクト 2を得る。 NL 境界 3: 手札の状態異常カードと呪いを全て 廃棄 し,山札と捨て札も同様に行う。",
    "UPGRADE_DESCRIPTION": "アーティファクト 2を得る。 NL 境界 3: 手札の状態異常カードと呪いを全て 廃棄 し,山札と捨て札も同様に行う。 NL 保留。"
  },
  "WangLiang_OokamiKakushi_purple": {
    "NAME": "罔両「八雲紫の神隠し」",
    "DESCRIPTION": "境界 2: ミニオンでない敵をターゲットにする。 対象の現在HP の !D! %のダメージを与える。攻撃を受ける度,最大HPの5%を失うデバフを与える。4回まで発動する。 NL 保留。 NL 廃棄。"
  },
  "Monsters_DoubleDeathButterfly_purple": {
    "NAME": "魍魎「二重黒死蝶」",
    "DESCRIPTION": "境界 のスタックの最大値を10に上げる。 境界 を5以上持っている場合, 境界 が減る度, [E] を得る。",
    "UPGRADE_DESCRIPTION": "境界 のスタックの最大値を10に上げる。 境界 を5以上持っている場合, 境界 が減る度, [E] [E] を得る。"
  },
  "MagicEyes_LaplaceDemon_purple": {
    "NAME": "魔眼「ラプラスの魔」",
    "DESCRIPTION": "山札にあるアタックカード1枚につきランダムなカードを山札に加える。 NL 境界 3: 占術 !M! 。 NL 廃棄。",
    "UPGRADE_DESCRIPTION": "山札にあるアタックカード1枚につきランダムなアップグレードされたカードを山札に加える。 NL 境界 3: 占術 !M! 。 NL 廃棄。"
  },
  "Boundary_LifeAndDeath_purple": {
    "NAME": "結界「生と死の境界」",
    "DESCRIPTION": "!M! ドローする。 NL 境界 4: [E] [E] を得る。 NL 廃棄。"
  },
  "WasteWire_Metro_purple": {
    "NAME": "廃線「ぶらり廃駅下車の旅」",
    "DESCRIPTION": "全ての敵に自分の持っているユニークバフの !M! 倍に等しいダメージを与える。",
    "UPGRADE_DESCRIPTION": "全ての敵に自分の持っているユニークバフの !M! 倍に等しいダメージを与える。 NL 保留。"
  },
  "Human_Monster_Realm_purple": {
    "NAME": "「人間と妖怪の境界」",
    "DESCRIPTION": "このターン, 次にプレイするカードは2回プレイされる。 NL 廃棄。",
    "UPGRADE_DESCRIPTION": "このターン, 次にプレイするカードは2回プレイされる。"
  },
  "BarrageBoundary_PipeDream_purple": {
    "NAME": "深弾幕結界",
    "DESCRIPTION": "境界 を全て取り除く。 この効果で取り除いた 境界 の !M! 倍の ライフサップ を与える。"
  },
  "D_absorption_purple": {
    "NAME": "アタックドレイン",
    "DESCRIPTION": "創世 はこのターン使うことができない。 アタックドレイン を得る。 次のターン開始時に手札に「力の開放」を加える。"
  },
  "ContainerChange_purple": {
    "NAME": "コンテナシフト",
    "DESCRIPTION": "自分のターン終了時に 破滅 と 創世 のスタックが0にならない。",
    "UPGRADE_DESCRIPTION": "天賦 。 NL 自分のターン終了時に 破滅 と 創世 のスタックが0にならない。"
  },
  "UniverseChoice_purple": {
    "NAME": "選ばれし者",
    "DESCRIPTION": " 保留 。 境界 5: ライフスレッド を得る。発動した場合最大HPの30%を回復する。 タイムスキップ 。 排除 。",
    "UPGRADE_DESCRIPTION": " 保留 。 境界 5: ライフスレッド を得る。発動した場合最大HPの40%を回復する。 タイムスキップ 。 排除 。"
  },
  "ProofOfUnderstanding_purple": {
    "NAME": "全知全能の証明",
    "DESCRIPTION": "自分のターン終了時に, 大神隠し を持っている敵に そのスタックに等しい ライフサップ を与える。 ライフサップ のダメージで 大神隠し のスタックが減らなくなる。",
    "UPGRADE_DESCRIPTION": " 天賦 。自分のターン終了時に, 大神隠し を持っている敵に そのスタックに等しい ライフサップ を与える。 ライフサップ のダメージで 大神隠し のスタックが減らなくなる。"
  },
  "Theboundaryofcreation_purpleEX": {
    "NAME": "創造の結界",
    "DESCRIPTION": "3枚のランダムなカードから1枚選んで手札に加える。 手札のカードを1枚山札の一番下に移動させる。",
    "UPGRADE_DESCRIPTION": "3枚のランダムなカードから1枚選んで手札に加える。 手札のカードを1枚山札の一番下に移動させそれをアップグレードする。"
  },
  "GluttonyofRealm_purpleEX": {
    "NAME": "境界の暴食",
    "DESCRIPTION": "ライフサップ !D! を与える。 NL 致命 の場合, 最大HP !M! を得る。 NL 廃棄。"
  },
  "Price_of_realm_purpleEX": {
    "NAME": "境界の価値",
    "DESCRIPTION": "境界 3: 手札が !M! 枚になるまでドローする。 その後このターンの間ドローする度HPを2失う。",
    "UPGRADE_DESCRIPTION": "境界 3: 手札が !M! 枚になるまでドローする。 その後このターンの間ドローする度HPを2失う。"
  },
  "Computing_the_future_purpleEX": {
    "NAME": "未来演算",
    "DESCRIPTION": "自分のターン終了時に, 山札のカードが20枚以上あるなら, 占術 !M! 。"
  }
}