{
	"Defend_blood":{
		"NAME":"防御",
		"DESCRIPTION":"!B! ブロック を得る。"
	},
	"Attack_blood": {
		"NAME":"ストライク",
		"DESCRIPTION": "!D! ダメージを与える。"
	},
	"Pivot_destroy": {
		"NAME":"目の焦点",
		"DESCRIPTION": "クリティカル 。 !D! ダメージを与える。 NL 禁忌 !M! を与える。"
	},
	"Pivot_control": {
		"NAME":"目の掌握",
		"DESCRIPTION": "!B! ブロック を得る。 NL 渇血 !M! を得る。"
	},


	"Threat_Detection_Blood": {
		"NAME":"脅威の感知",
		"DESCRIPTION": "クリティカル 。 NL !D! ダメージを与える。 対象が攻撃を予定しているなら 筋力 !M! を得る。 NL 廃棄 。"
	},
	"Rolling_avoiding_Blood": {
		"NAME":"紅月",
		"DESCRIPTION": "5 ブロック を得る。 禁忌 !M! を与える。 NL 敵から全ての ブロック を取り除きその50%の ブロック を得る。"
	},
	"Panic_Blood": {
		"NAME":"恐慌",
		"DESCRIPTION": "禁忌 !M! を与える。 NL 渇血 !M! を得る。"
	},
	"Collision_Blood": {
		"NAME":"ブラッドスマッシュ",
		"DESCRIPTION": "クリティカル NL !D! ダメージを与える。ブロックされていない(クリティカルダメージではない)ダメージ分の ブロック を得る。 NL 狂気 2を与える。"
	},
	"Gradually_Crazy_Blood": {
		"NAME":"漸進する狂気",
		"DESCRIPTION": "HPを2失う。 NL 渇血 1を得る。 1ドローする。 NL このカードを山札に加えてシャッフルする。",
		"UPGRADE_DESCRIPTION": "天賦 NL HPを2失う。 NL 渇血 1を得る。 1ドローする。 NL このカードを山札に加えてシャッフルする。"
	},
	"Tyranny_Blood": {
		"NAME":"暴虐",
		"DESCRIPTION": "!D! ダメージを与える。 NL このターンHPを失っていた場合,捨て札からカード1枚選んで山札の上に置く。"
	},
	"VampiricTouch_Blood": {
		"NAME":"ヴァンパイアタッチ",
		"DESCRIPTION": "クリティカル NL HPを2失う。 !D! ダメージを与える。 NL HPが最大HPの半分以下なら,HPを2回復する。"
	},
	"BrutalStrikes_Blood": {
		"NAME":"残虐な一撃",
		"DESCRIPTION": "!D! ダメージを与える。 NL 対象のデバフが !M! 種類以上あるなら, [E] を得る。"
	},
	"TheErosionOfBlood": {
		"NAME":"血の浸食",
		"DESCRIPTION": "!B! ブロック を得る。 NL このターンHPを失っていた場合,追加で4 ブロック を得て,全ての敵に 脱力 !M! を与える。"
	},
	"SpiritualDiffusion_Blood": {
		"NAME":"精神拡散",
		"DESCRIPTION": "狂気 !M! を与える。 NL 対象が 禁忌 を持っているなら 禁忌 3を与える。"
	},
	"TheOverturnOfBreaking_Blood": {
		"NAME":"暴力的な機動",
		"DESCRIPTION": "!D! ダメージを与える。 NL !B! ブロック を得る。"
	},
	"BannedGames_Blood": {
		"NAME":"「禁じられた遊び」",
		"DESCRIPTION": "全ての敵に !D! ダメージを与える。 NL このターンHPを失っていた場合,ダメージが3増加して, 禁忌 !M! を与える。"
	},
	"HeartBreaking_Blood": {
		"NAME":"ハートブレイカー",
		"DESCRIPTION": "クリティカル NL !D! ダメージを与える。 クリティカル の場合 2ドローする。"
	},
	"Sprinkle_Blood": {
		"NAME":"血しぶき",
		"DESCRIPTION": "ランダムな敵に !D! ダメージを !M! 回与える。 NL ヒットした敵に対して 狂気 1を与える。"
	},
	"ForbiddenFruits_Blood": {
		"NAME":"フォビドンフルーツ",
		"DESCRIPTION": "!B! ブロックを得る。 NL このターンの間 クリティカル が発生しない。"
	},
	"TwoCombos_Blood": {
		"NAME":"ダブルコンボ",
		"DESCRIPTION": "クリティカル NL HPを1失う。 全ての敵に !D! ダメージを2回与える。"
	},
	"TheExistenceOfBlood": {
		"NAME":"血の存在",
		"DESCRIPTION": "クリティカル NL !D! ダメージを与える。このカードが クリティカル した場合 [E] を得て,1ドローする。"
	},
	"BloodFrenzy": {
		"NAME":"血の狂乱",
		"DESCRIPTION": "!B! ブロック を得る。 NL 渇血 !M! を得る。 1ドローする。"
	},
	"CounterBarrier_Blood":{
		"NAME":"カウンターバリア",
		"DESCRIPTION": "!B! ブロック を得る。 NL 手札を1枚ランダムに 廃棄 する。 NL このターン次のアタックは必ず クリティカル する。",
		"UPGRADE_DESCRIPTION": "!B! ブロック を得る。 NL 手札を1枚 廃棄 する。 NL このターン次のアタックは必ず クリティカル する。"
	},
	"Craving_Blood": {
		"NAME":"血の渇き",
		"DESCRIPTION": "!B! ブロック を得る。 NL この戦闘で与えた 狂気 1につき 追加で !M! ブロックを得る。"
	},
	"Immerse_Blood": {
		"NAME":"ブラッドダイブ",
		"DESCRIPTION": "!M! ドローする。 NL 手札を !M! 枚捨てる。 NL アタックを捨てる:全ての敵に 禁忌 2を与える。 NL スキルを捨てる:破目 2 を得る。 "
	},
	"HeavyBlow_Blood": {
		"NAME":"重撃",
		"DESCRIPTION": "クリティカル NL !D! ダメージ を与える。 NL このカードがクリティカルした時, 禁忌 を消費しない。また、2回 クリティカル が発生する。 "
	},
	"Atomization_Blood": {
		"NAME":"霧化",
		"DESCRIPTION": "無形 1を得る。 NL 廃棄"
	},
	"Rage_Blood": {
		"NAME":"錯乱の中で",
		"DESCRIPTION": "1ターンの間にスキルを3枚プレイする毎に，ランダムな敵に NL 狂気 !M! を与える。"
	},
	"Bloodthirsty": {
		"NAME":"嗜血",
		"DESCRIPTION": "使用不可 NL 自分のターン終了時に全ての敵に !D! ダメージを与える。このターン失ったHP1につき !M! ダメージが増加する。"
	},
	"CastArmorWithBlood": {
		"NAME":"血の鎧",
		"DESCRIPTION": "ブロックされていないダメージを与える度 !M! ブロックを得る。 クリティカル の場合更に !M! ブロックを得る"
	},
	"TheEpreadOfTaboos_Blood": {
		"NAME":"七つの大罪",
		"DESCRIPTION": "ターン開始時に,全ての敵に 禁忌 !M! を与える。 敵が1体しかいない場合,追加で2与える。"
	},
	"CriticalHitEnhancement_Blood": {
		"NAME":"シールブレイカー",
		"DESCRIPTION": "全ての敵の 禁忌 のスタックを倍にする。 NL 廃棄"
	},
	"KagomeKagome_Blood": {
		"NAME":"「カゴメカゴメ」",
		"DESCRIPTION": "クリティカル NL !D! ダメージ を与える。 NL 渇血 が2以上あるなら対象からランダムなバフを取り除く"
	},
	"NoOneSurvived_Blood": {
		"NAME":"誰もいなくなるか？",
		"DESCRIPTION": "クリティカル NL !D! ダメージを与える。 NL この戦闘の間このカードのダメージを2倍にする。"
	},
	"CastBloodWithArmor": {
		"NAME":"アーマードブラッド",
		"DESCRIPTION": "!B! ブロック を得る。 このターンの間,アタックを受ける度渇血 1を得る。"
	},
	"PainfulRoad_Blood": {
		"NAME":"苦痛の路",
		"DESCRIPTION": "クリティカル NL !D! ダメージ を与える。 NL この戦闘中,HPを失うか回復する度,このカードのコストを1減らす。"
	},
	"WhyIsItJustMe_Blood": {
		"NAME":"孤独の痛み",
		"DESCRIPTION": "カードの効果でHPを2回失う毎に, 渇血 1を得る。 ",
		"UPGRADE_DESCRIPTION": "天賦 NL カードの効果でHPを2回失う毎に, 渇血 1を得る。"
	},
	"ClockEngravedWithThePast_Blood": {
		"NAME":"「過去を刻む時計」",
		"DESCRIPTION": "デバフを受けている全ての敵は,ターン終了時に持っているデバフの種類の !M! 倍のHPを失う。"
	},
	"Etching_Blood": {
		"NAME":"エッチングブラッド",
		"DESCRIPTION": "HPを4失う。 NL 対象は 筋力 を2失う対象が死亡した時 !M! ゴールドを得る。 NL 廃棄"
	},
	"ForbiddenShootingStars_Blood":{
		"NAME":"禁忌の流星群",
		"DESCRIPTION": "!D! ダメージ を与える。 NL 対象のデバフが1種類毎に,更に1回ダメージを与えて1ドローする。"
	},
	"PowerTransformation_Blood": {
		"NAME":"血液加速",
		"DESCRIPTION": "HPを2失う。 NL 山札からランダムなアタックカードを !M! 枚手札に加える。"
	},
	"WaveformGettingStronger_Blood": {
		"NAME":"育つ波",
		"DESCRIPTION": "!B! ブロック を得る。 破目 !M! を得る。 NL 山札からカードを1枚選び手札に加える。"
	},
	"Human_Taboos_Blood": {
		"NAME":"人の禁忌",
		"DESCRIPTION": "クリティカル NL !D! ダメージ を与える。 NL 対象のデバフが2種類以上あるなら, 狂気 !M! を与える。"
	},
	"Earth_Taboo_Blood": {
		"NAME":"地の禁忌",
		"DESCRIPTION": "ランダムな敵に 狂気 !M! を4回与える。"
	},
	"Sky_Taboo_Blood":{
		"NAME":"天の禁忌",
		"DESCRIPTION": "HPを6失う手札を全て 廃棄 する。この効果で 廃棄 した枚数分 ランダムなカードをデッキに加える NL 廃棄",
		"UPGRADE_DESCRIPTION": "HPを6失う。 手札を全て 廃棄 する。この効果で 廃棄 した枚数分アップグレードされたランダムなカードをデッキに加える NL 廃棄"
	},
	"TheMadnessOfHeart_Blood": {
		"NAME":"狂気の心",
		"DESCRIPTION": "ターン開始時に,HPを1失う。,破目 2 を得る。",
		"UPGRADE_DESCRIPTION": "天賦 NL ターン開始時に,HPを1失う。,破目 2 を得る。"
	},
	"BackFlow_Blood": {
		"NAME":"逆流",
		"DESCRIPTION": "[E] を得る。 NL この戦闘で最後にプレイされカードがパワーなら更に [E] を得る。 ,そうでないなら !M! ドローする。 NL 廃棄",
		"UPGRADE_DESCRIPTION": "E] を得る。NL この戦闘で最後にプレイされカードがパワーなら更に [E] [E] を得る。そうでないなら !M! ドローする NL 廃棄"
	},
	"LonelyNightmare_Blood": {
		"NAME":"孤独の悪夢",
		"DESCRIPTION": "!B! ブロックを得る。 NL 敵が1体しかいない場合自分からランダムなデバフを取り除く NL 廃棄",
		"UPGRADE_DESCRIPTION": "!B! ブロックを得る。 NL 敵が1体しかいない場合自分からランダムなデバフを取り除く"
	},
	"BloodRecovery": {
		"NAME":"ブラッドコレクション",
		"DESCRIPTION": "HPを3失う。 NL 廃棄 されたカードから1枚選んで手札に加える。 NL 廃棄"
	},
	"TheWillOfCrimson_Blood": {
		"NAME":"深紅の意志",
		"DESCRIPTION": "!D! ダメージ を与える。 NL このカードがクリティカルした時 筋力 !M! を得る。",
		"UPGRADE_DESCRIPTION": "クリティカル NL !D! ダメージ を与える。 NL のカードがクリティカルした時 筋力 !M! を得る。"
	},
	"GhostsAndShadows_Blood": {
		"NAME":"ゴースト＆シャドウ",
		"DESCRIPTION": "!B! ブロック を得る。 NL HPが50%以下の場合, 敏捷性 !M! を得る。"
	},
	"SadisticKilling_Blood": {
		"NAME":"虐殺",
		"DESCRIPTION": "!D! ダメージ を与える。 NL 対象に2種類以上のバフがあるなら,全ての敵に6ダメージと 狂気 2を与える。"
	},
	"WhereTheHeartIs_Blood": {
		"NAME":"失われた心",
		"DESCRIPTION": "全ての敵に 狂気 !M! を2回与える。"
	},
	"TheEndOfMadness_Blood": {
		"NAME":"狂気の果て",
		"DESCRIPTION": "筋力 2を与える。 NL 対象のデバフが !M! 種類以上あるなら,「加虐性」を手札に加える。 NL 廃棄"
	},
	"TheOnlyWill_Blood": {
		"NAME":"軽蔑",
		"DESCRIPTION": "全ての敵に1回ずつ !D! ダメージを与える。ブロックされなかった攻撃1回につき !B! ブロック を得て, 狂気 1を与える。 ( クリティカル ダメージは除く)"
	},
	"EndlessFrenzy_Blood": {
		"NAME":"永遠の狂乱",
		"DESCRIPTION": "このターン終了時に 渇血 が失われない。NL 廃棄 ",
		"UPGRADE_DESCRIPTION": "このターン終了時に 渇血 が失われない。NL 廃棄 "
	},
	"Subduction_Blood": {
		"NAME":"未完成のパズル",
		"DESCRIPTION": "クリティカル NL HPを6失う。 全ての敵に !D! ダメージを与える。 渇血 !M! を得る。 NL このカードが クリティカル したら得る 渇血 が2倍になる。"
	},
	"Induce_Blood": {
		"NAME":"誘導",
		"DESCRIPTION": "!D! ダメージ を与える。 NL 対象のデバフが1種類以下の場合, 狂気 1 を2回与える。"
	},
	"FromTheInsideOut_Blood": {
		"NAME":"インサイド・アウト",
		"DESCRIPTION": "手札から最大3までのカードを 廃棄 する。 NL 廃棄 した 状態異常 1枚毎に アーティファクト 1を得る。 廃棄 した 呪い 1枚毎に 狂気 2を全ての敵に与える。 NL 廃棄",
		"UPGRADE_DESCRIPTION": "手札から最大3までのカードを 廃棄 する。 NL 廃棄 した 状態異常 1枚毎に アーティファクト 1を得る。 廃棄 した 呪い 1枚毎に 狂気 2を全ての敵に与える。"
	},
	"Sustainable_Blood": {
		"NAME":"ヒステリー",
		"DESCRIPTION": "狂気 !M! を2回与える。 NL 3ドローする。"
	},
	"LetsPlayTogether_Blood": {
		"NAME":"一緒に遊ぼう！",
		"DESCRIPTION": "狂気 !M! を与える。!B! ブロック を X回得る。"
	},


	"LetDestruction_Blood": {
		"NAME":"絶望の中の破壊",
		"DESCRIPTION": "このカードが クリティカル するときのみプレイできる。 NL 全ての敵に !D! ダメージを与える。",
		"UPGRADE_DESCRIPTION": "保留 NL このカードが クリティカル するときのみプレイできる。 NL 全ての敵に !D! ダメージを与える。"
	},
	"FourOfAKind_Blood": {
		"NAME": "「フォーオブアカインド」",
		"DESCRIPTION": " エセリアル NL HPを10と 筋力 4 と 敏捷性 4 を失う。 NL 各ターン最初にプレイするカードは4回プレイされる。"
	},

	"TrueAncestors_Blood": {
		"NAME":"真祖の力",
		"DESCRIPTION": "無形 1を得る。 NL 2ターン毎に 無形 1を得る。 NL この戦闘中HPを回復できない。",
		"UPGRADE_DESCRIPTION": "保留 NL 2ターン毎に 無形 1を得る。 NL この戦闘中HPを回復できない。"
	},
	"CrazyWithMe_Blood": {
		"NAME":"共有された狂気",
		"DESCRIPTION": "対象の敵にダメージを受ける度全ての敵に 狂気 !M! を与える効果を持つデバフを与える。 NL 廃棄 ",
		"UPGRADE_DESCRIPTION": "対象の敵にダメージを受ける度全ての敵に 狂気 !M! を与える効果を持つデバフを与える。"
	},
	"BloodTide": {
		"NAME":"昇る血潮",
		"DESCRIPTION": "この戦闘でHPを回復する度, !M! ドローする。"
	},
	"RippleIn495_Blood": {
		"NAME":"「495年の波紋」",
		"DESCRIPTION": "破目 5を得る。 NL この戦闘中 クリティカル が発生しても 禁忌 が減少しない。"
	},
	"Catadioptric_Blood": {
		"NAME":"カタディオプトリック",
		"DESCRIPTION": "全カード を山札に加えてシャッフルする。 NL このカードをプレイする前の手札の枚数と同じ分カードをドローする。（最小3）",
		"UPGRADE_DESCRIPTION": "保留 NL 全カード を山札に加えてシャッフルする。 NL このカードをプレイする前の手札の枚数と同じ分カードをドローする。（最小3）"
	},
	"BloodyCatastrophe_Blood": {
		"NAME":"血塗れのカタストロフ",
		"DESCRIPTION": "XダメージとX ブロック を得る。 Xは現在の最大HPと初期の最大HP(50)との差である。",
		"UPGRADE_DESCRIPTION": "保留 NL XダメージとX ブロック を得る。 Xは現在の最大HPと初期の最大HP(50)との差である。"
	},
	"Laevatein_Blood": {
		"NAME":"「レーヴァテイン」",
		"DESCRIPTION": "[E] と 渇血 !M! を得る。 NL この戦闘の間,このカードから得られる [E] と 渇血 が1増加する。"
	},
	"LabyrinthOfLove_Blood": {
		"NAME":"禁忌「恋の迷路」",
		"DESCRIPTION": "!B! ブロック を得る。 NL このターンの間にHPを失っていた場合得る ブロック を2倍にする。"
	},
	"StarbowBreak_Blood": {
		"NAME":"「スターボウブレイク」",
		"DESCRIPTION": "!D! ダメージを2回与える。 NL 狂気 2 を2回与える。 NL この戦闘の間このカードが与えるダメージを !M! 減らす。"
	},
	"TheTruthOfTheEye_Blood": {
		"NAME":"心の真実",
		"DESCRIPTION": "HPを6失う。 NL !M! ターンの間 ダメージが2倍になる。 NL 廃棄"
	},
	"ToDrinkBitterly_blood": {
		"NAME":"痛飲",
		"DESCRIPTION": "対象はHPの10% を失い,自分は同じ分のHPを回復する。 NL 廃棄 "
	},
	"CranberryTrap_Blood": {
		"NAME":"クラウンベリートラップ",
		"DESCRIPTION": "筋力 と 敏捷性 をX得る。 XはこのターンにHPを失った回数 NL 廃棄",
		"UPGRADE_DESCRIPTION": "筋力 と 敏捷性 をX+1得る。 XはこのターンにHPを失った回数 NL 廃棄"
	},
	"MakeFriendsWithMe_Blood": {
		"NAME":"無限の闇",
		"DESCRIPTION": "ターン開始時に，手札のアタックでないカードをランダムにマークする。マークされたカードをプレイした場合,次のターン開始時に追加で2ドローする。",
		"UPGRADE_DESCRIPTION": "天賦 NL ターン開始時に，手札のアタックでないカードをランダムにマークする。マークされたカードをプレイした場合,次のターン開始時に追加で2ドローする。"
	},
	"WhereAreTheNewToys_Blood": {
		"NAME":"虹色の翼",
		"DESCRIPTION": "この戦闘中手札のカードを全てアップグレードする。 NL 廃棄",
		"UPGRADE_DESCRIPTION": "この戦闘中全てのカードをアップグレードする。 NL 廃棄"
	},


	"Erode_Blood": {
		"NAME":"浸食",
		"DESCRIPTION": "ターン終了時に, !M! ダメージを受ける。 NL 廃棄 "
	}
}