{
  "LoveAcrossDimensionsAction_purple": {
    "TEXT": [
      "コストが0になり,空虚と消耗を得る。"
    ]
  },
  "OmniscientAndOmnipotentMonsterAction": {
    "TEXT": [
      "山札に移す"
    ]
  },
  "RewardEnumPuepleEX": {
    "TEXT": [
      "全てのカードをアップグレード",
      "HP全回復",
      "デッキから全ての呪いを取り除く。",
      "特別なカードを得る。"
    ]
  },
  "MakecardtoDrawPileBottomAction": {
    "TEXT": [
      "山札の1番下に移す。"
    ]
  }
}