{
  "Myself": {
    "MOVES": [
      "十七条のカタストロフ"
    ],

    "NAME": "フランドールの影",
    "DIALOG": [
      "さあ,一緒に遊びましょう！ あなたと私、殺しあいましょう！",
      "私はあなたのおもちゃじゃない！ あなたは私じゃない！",
      "壊れちゃえ！ 壊れちゃえ！ ハハハハハハハ！",
      "もういい加減にして! 私の目の前から消えろ！"
    ]
  },



  "TheDestructionOfDarkness": {
    "MOVES": [
      ""
    ],
    "NAME": "サイコパスの一面",
    "DIALOG": [
      "生きるもの全て殺してやる！ 形ある物全てを破壊してやる！",
      "私は自分を見失わない...私が壊すのは私とお姉さまに脅かすものだけだわ！"
    ]
  },

  "TheDarkFrenzy": {
    "MOVES": [
      ""
    ],
    "NAME": "サディズムの一面",
    "DIALOG": [
      "自分の心の声を聴いてごらんよ あなたは人の苦しみを味わいたいと思っているでしょう？",
      "いいえ, 私は他人に痛みを与えることを求めてなんかいない！"
    ]
  },

  "TheDarkMadness": {
    "MOVES": [
      ""
    ],
    "NAME": "狂気の一面",
    "DIALOG": [
      "周りを見ろ！ここには今冬と狂気しかない！全てを受け入れて自分を自由にしてみろ！",
      "黙りなさい!私はあなたのようにはならない！"
    ]
  }
}