{
  "VampiresFlandre": {
    "NAME": "吸血鬼(?)",
    "DESCRIPTIONS": [
      "灯りが落ちた通りを行くと、数人の頭巾をした人物が、何やら儀式のようなものを行っているところに出くわした。あなたが近づくと、薄気味悪く一斉にこちらを向く。 その中で一番背の高い人物は、少し微笑んで長く鋭い歯を見せ、青白い細長い手をあなたに伸ばしてきた。: NL ~\"姉妹よ,我らの仲間に加われ。共に塔の温もりを感じるのだ。\"~",
      "姉の威厳ある姿を真似たあなたに彼らは思わず後ずさった。 NL 彼らはあなたが他とは違う,より #r高貴 な存在でる事を理解したようだ...",
      "背の高い男は ~震えながら~ 平伏した,\"御無礼をお許しください。\" NL NL  #yボトル を取り出して ,\"少ないですが...あなた様へ #b謝罪 と #y敬意 を... お納めください...\"",
      "あなたは軽蔑の眼差しで彼らを一掃する。彼らは何かを悟ったように黒い霧と姿を変えてあなたの前から消えた。 NL また一人になった。"
    ],
    "OPTIONS": [
      "[強迫]",
      "[続ける] #g獲得 レリック「血の紅茶」",
      "[拒絶]",
      "[離れる]"
    ]
  },

  "FaceYourself_Blood": {
    "NAME": "闇の鏡",
    "DESCRIPTIONS": [
      "気が付くと ~奇妙で~, @巨大な@ #y鏡 の前に立っている。 この鏡には #p何も 写っていないことに気が付く, まるで #p神秘的 な霧に包まれているかのようだ NL よく見ると鏡の枠には非常に ~見覚えのある~ デザインが刻まれている。 鏡の中央に、自分の顔と同じように、ゆっくりと文字が刻まれていく。",
      "興味本位で鏡に 触った NL 指が触れた瞬間, 鏡の中に憎しみの表情を浮かべた自分の姿が浮かび上がる。 NL 鏡は砕け散ったが、あなたは無傷だった。NL 深い悪魔のような笑い声が周囲に響き渡り、鏡が最後の試練である自分との戦いを解き放ったことを悟った",
      "振り向くと、鏡の残骸が小さく変化している。 それを拾うことにした。自分の勝利の静かな証人になるだろう。 ",
      "鏡がもたらすリスクが大きすぎると感じ鏡から離れた。 そうすると鏡はすぐに消えてしまった。あなたは不思議な罪悪感を感じながら帰ることになる。 NL あなたが去ってしばらくすると、紫色の服を着た女性が部屋に入ってきて、かつて鏡があった場所に立ってがっかりしたように首を振っていた。",
      "自分の力に自信を持って歩き出す。 NL あなたが去ってしばらくすると、コウモリの羽をつけた赤い服の女性が部屋に入ってきます。 あなたが去っていった方向を心配そうな顔で見つめながら、「無事に帰ってきてくるのよ...フラン」とつぶやいた。'"
    ],

    "OPTIONS": [
      "[触れる] #y終点のボスを、特別な超強力な敵に置き換えます。",
      "[続ける]",
      "[拾う] #y特別なレリック を#g得る ",
      "[後ずさる]",
      "[離れる]"
    ]
  }
}