[
  {
    "NAMES": [
      "クリティカル"
    ],
    "DESCRIPTION": "#yクリティカル を持つカードはクリティカルが20%あるが, #yクリティカル がないカードでもクリティカルが出る可能性がある。 #yクリティカル は全ての敵に #yクリティカルダメージ を与える。（最初はベースダメージの50%。このダメージはパワーによって上昇する。）アタックカードが次回使用時に #yクリティカル する場合は #y黄色 で表示される。 #r====================== #y特别注意： #bクリティカルとクリティカルダメージは #bフランドールのカードでしか発生しない。 "
  },

  {
    "NAMES": [
      "禁忌"
    ],
    "DESCRIPTION": "敵の #y禁忌 1つにつき 5% #yクリティカル 率がアップする。 #yクリティカル が発生すると全ての #y禁忌 は2減少する。"
  },

  {
    "NAMES": [
      "破目"
    ],
    "DESCRIPTION": "#y破目 のスタック毎に #yクリティカル 時に 10%の追加ダメージを与える。"
  },

  {
    "NAMES": [
      "渇血"
    ],
    "DESCRIPTION": "各アタックは一定量のHPを回復する。ターン終了時に取り除かれる。"
  },

  {
    "NAMES": [
      "狂気"
    ],
    "DESCRIPTION": "5つの状態異常からランダムに1つを,（ #y脱力 ， #y弱体 ， #y締め付け ， #y禁忌 ， #y毒 ），一定スタック与える。対象が3種類以上の状態異常を持っているなら次のターン開始時にダメージを与える。ダメージは狂気を与え続けることで増加する。"
  },

  {
    "NAMES": [
      "全カード"
    ],
    "DESCRIPTION": "手札,山札,捨て札の全てのカードを含む。"
  }
]