{

	"Taboo_blood": {

		"NAME": "禁忌",

		"DESCRIPTIONS": ["#y 禁忌 1につき #yクリティカル 率が5%アップする。 （現在 #b"," % #yクリティカル 率アップ）； クリティカルが発生する度,全ての #y禁忌 は2減少する。"]

	},

	"Broken_eyes": {

		"NAME": "破目",

		"DESCRIPTIONS": ["#y破目 1毎に #yクリティカル ダメージが10%アップする。（クリティカルダメージは元々のダメージの #b"," % #y）"]

	},

	"FrenzyPower": {

		"NAME": "渇血",

		"DESCRIPTIONS": ["アタック毎にHPを #b"," 回復する,ターン開始時に削除される。"]

	},

	"MustBeCriticalHit_Power": {

		"NAME": "確定クリティカル",

		"DESCRIPTIONS": ["次の #b"," 回のアタックは必ず #yクリティカル する"]
	},

	"DebuffDetonate_Power": {

		"NAME": "狂気の痛み",

		"DESCRIPTIONS": ["次の自分のターン開始時に， #b"," ダメージを受ける。"]
	},

	"ForbiddenFruits_Blood_Power": {

		"NAME": "ノークリティカル",

		"DESCRIPTIONS": ["このターン，#yクリティカル が発動しない。 "]
	},

	"Rage_Blood_Power": {

		"NAME": "錯乱の中で",

		"DESCRIPTIONS": ["1ターンの間にスキルを3枚プレイする毎に，ランダムな敵に #y狂気 #b2 ,(スキルを #b"," 枚プレイしている。)"]
	},

	"CastArmorWithBlood_Power": {

		"NAME": "血の鎧",

		"DESCRIPTIONS": ["ブロックされていないダメージを与える度， #b","  #yブロック を得る。 ；#yクリティカル の場合更に， #b"," #yブロック を得る。"]
	},

	"TheEpreadOfTaboos_Blood_Power": {

		"NAME": "禁忌の拡散",

		"DESCRIPTIONS": ["ターン開始時に，全ての敵に #y禁忌 #b"," を与える 。敵が1体しかいない場合更に追加で2与える。"]
	},

	"CastBloodWithArmor_Power": {

		"NAME": "アーマードブラッド",

		"DESCRIPTIONS": ["次のターンが始まるまでに，攻撃を受ける度， #b","  #y狂気 を与える。"]
	},

	"ClockEngravedWithThePast_Blood_Power": {

		"NAME": "「過去を刻む時計」",

		"DESCRIPTIONS": ["デバフを持っている敵はターン終了時にデバフの種類の#b","倍のHPを失う。"]
	},

	"Etching_Blood_Power": {

		"NAME": "血に刻まれた",

		"DESCRIPTIONS": ["このモンスターが死亡した時， #b"," #yゴールド を得る。 "]
	},

	"TheMadnessOfHeart_Blood_Power": {

		"NAME": "狂気の心",

		"DESCRIPTIONS": ["ターン開始時にHP1を失う，#y破目 #b"," を得る "]
	},
	"WhyIsItJustMe_Blood_Power": {

		"NAME":"孤独の痛み",

		"DESCRIPTIONS": ["カードの効果でHPを2回失う毎に， #y渇血 1を得る。  "]
	},

	"TrueAncestors_Blood_Power": {

		"NAME": "真祖の力",

		"DESCRIPTIONS": ["#b2 ターン毎に #y無形 #b1 を得る。 この戦闘中HPが回復しない。"]
	},

	"FourOfAKindPower": {

		"NAME": "「フォーオブアカインド」",

		"DESCRIPTIONS": ["各ターン最初のカードは #b4 回プレイされる。"]
	},

	"CrazyWithMe_Blood_Power": {

		"NAME": "共有された狂気",

		"DESCRIPTIONS": ["ダメージを受ける度，全ての敵は #y狂気 #b","を得る。 "]
	},

	"RippleIn495_Blood_Power": {

		"NAME":"「495年の波紋」",

		"DESCRIPTIONS": ["この戦闘中, #yクリティカル が発生しても #y禁忌 が減少しない。"]
	},

	"MakeFriendsWithMe_Blood_Power": {

		"NAME":"無限の闇",

		"DESCRIPTIONS": ["ターン開始時に，手札のアタックでないカードをランダムにマークする。そのカードがプレイされた場合,次のターン開始時に追加で2ドローする。"]
	},

	"BloodTide_Power": {

		"NAME": "昇る血潮",

		"DESCRIPTIONS": ["HPを回復する度， #b"," ドローする。"]
	},







	"InnerEvil_Power": {

		"NAME": "隠された悪",

		"DESCRIPTIONS": [
			"あなたのターン終了時に, #yスキルよりも #yアタック 多くプレイしているなら山札に #r浸食 を加えて あなたは #y脆弱化 を得る。",
			"あなたのターン終了時に,#yアタック よりも #yスキル を多くプレイしているなら山札に #r空虚 を加えて #y弱体 を得る。",
			"あなたのターン終了時に, #yアタック と #yスキル を同じ枚数(最低1)プレイしているならこの敵は最大HPの5%を失う。",
			" #r====================== ",
			"このターン #yアタック を #b "," 枚プレイしている。 NL ",
			"このターン #yスキル を #b "," 枚プレイしている。"
		]

	},

	"YourPowerComesFromMe": {
		"NAME": "強制制御",
		"DESCRIPTIONS": ["あなたのターン終了時に, #yパワー を使用していた場合, #y弱体 #b を得る。"]
	},

	"TheImpulseToDestroy_Power": {
		"NAME": "殺人衝動",
		"DESCRIPTIONS": ["この敵のターン終了時に, もし #y禁忌 があればそれを全て削除してあなたは #b10 ダメージを受ける。"]
	},

	"A_Frenzied_Impulse_Power": {
		"NAME": "残酷な衝動",
		"DESCRIPTIONS": ["HPを回復する度, #yブロック があれば それを #b2 減らす。"]
	},

	"Crazy_Impulse_Power": {
		"NAME": "狂気的な衝動",
		"DESCRIPTIONS": ["あなたがこの敵に #y狂気 を与える度,同じ量の #y狂気 をあなたに与える。"]
	}
}
