{

	"SisterOfTheDevil_Blood":{
		"NAME":"緋色の絆",
		"FLAVOR":"'ここが精神的に汚染されやすいとしてもお姉様のために進まなければ'",
		"DESCRIPTIONS":["戦闘開始時に #yプレートアーマー #b3 を得る。"]
	},

	"TrueAncestorsBlood":{
		"NAME":"真祖の翼",
		"FLAVOR":"この華麗な翼は純血のヴァンパイアの証であり、彼らの復活の力を伝えるものでもある",
		"DESCRIPTIONS":["最大HPが #b20 以上の状態で死亡した場合, 最大HPを半分にして全回復して #y筋力 と #y敏捷性 を2得る。戦闘開始時にこのレリックによって蘇った回数に等しい #y筋力 と #y敏捷性 を得る。"]
	},

	"MySistersDoll": {
		"NAME":"レミリアのおさがり",
		"FLAVOR":"'普段はそう見えませんがお嬢様はいつも気にかけていました。' - 美鈴",
		"DESCRIPTIONS":["HPが回復する度, 2 #yブロック を得る。"]
	},

	"StoneOfForesight": {
		"NAME":"神託の宝珠",
		"FLAVOR":"'フランをあんなところに行かせて平気かしら？' 'ええ,大丈夫よ それに今までが甘やかしすぎていたのよ'",
		"DESCRIPTIONS":["自分のターン終了時に， #y占術 #b2 ,その後捨て札から1枚選んでデッキの上に置く。"]
	},

	"TheEndOfTaboo": {
		"NAME":"壊れた禁忌の印章",
		"FLAVOR":"'私たちができることは、妹様が成長して一人前になれるように、ほんの少しの手助けをすることだけです。-咲夜",
		"DESCRIPTIONS":["#y禁忌 のスタックが #b20 以上の敵がいる場合，#r20を超えた #y禁忌 を取り除きその分 #y破目 2を得る。"]
	},

	"BloodyNotes": {
		"NAME":"しわくちゃのメモ",
		"FLAVOR":"'これが私のためになるとお姉様は言った。お姉様の望むようにしよう'",
		"DESCRIPTIONS":["1ターンに1回, #y狂気 を与えた時,更に追加で #y毒 2 を与える。"]
	},

	"BloodBlackTea": {
		"NAME":"血の紅茶",
		"FLAVOR":"紅魔館で出されるものと比べるととても口にあうものではない。",
		"DESCRIPTIONS":["#yクリティカル の度にHPを2回復する。"]
	},

	"MirrorOfmyself": {
		"NAME": "闇鏡",
		"FLAVOR": "あなたは帰らぬ人となった。 影である偽りの自分と向き合う時が来たのだ...",
		"DESCRIPTIONS": ["各戦闘の開始時, あなたは #y弱体 #b1 を得て,全ての敵は #y筋力 2を得る。 このレリックを #b終点 に持っていくと #r特別なボス に遭遇する。"]
	}
}
