{

	"SisterOfTheDevil_Blood":{
		"NAME":"悪魔の妹",
		"FLAVOR":"ここが精神的に汚染されやすいとしてもお姉様のために進まなければ",
		"DESCRIPTIONS":["戦闘開始時に #yプレートアーマー #b3 を得る。 "]
	},


	"TrueAncestorsBlood":{
		"NAME":"真祖の血",
		"FLAVOR":"純粋なる真祖の血。蘇る度強くなるが、同時に脆くもなる。",
		"DESCRIPTIONS":["最大HPが #b20 以上の状態で死亡するなら,最大HPを半分にして,HPを回復して #y筋力 と #y敏捷 を得る ;戦闘開始時にこのレリックが発動した回数の2倍の #y筋力 と #y敏捷 を得る。"]
	},

	"MySistersDoll": {
		"NAME":"人形",
		"FLAVOR":"美鈴：お嬢様はやっぱりまだ心配みたい",
		"DESCRIPTIONS":["HPが回復する度, 2 #yブロック を得る。 "]
	},

	"StoneOfForesight": {
		"NAME":"予見の石",
		"FLAVOR":"レミリア：フランをあんなところに行かせて平気かしら？ NL パチュリー：あなた,妹を甘やかしすぎよ,鍛えなきゃ成長できないわ。",
		"DESCRIPTIONS":["自分のターン終了時に， #y占術 #b2 ,その後捨て札から1枚選んでデッキの上に置く。"]
	},

	"TheEndOfTaboo": {
		"NAME":"禁忌の終焉",
		"FLAVOR":"咲夜：私たちができることは、妹様が成長して一人前になれるように、ほんの少しの手助けをすることだけです。",
		"DESCRIPTIONS":["#y禁忌 のスタックが #b20 以上の敵がいる場合，#r20を超えた #y禁忌 を取り除きその分 #y破目 2を得る。"]
	},

	"BloodyNotes": {
		"NAME":"しわくちゃのメモ",
		"FLAVOR":"出発前の独り言：御姉様が欲しがってるものを完成させなくちゃ...",
		"DESCRIPTIONS":["1ターンに1回, #y狂気 を与えた時,更に追加で #y毒 2 を与える。"]
	},

	"BloodBlackTea": {
		"NAME":"血の紅茶",
		"FLAVOR":"この世界にも吸血鬼がいるんだ？いい血統にはみえないけど",
		"DESCRIPTIONS":["#yクリティカル の度にHPを2回復する。"]
	}
}
