{

	"Taboo_blood": {

		"NAME": "禁忌",

		"DESCRIPTIONS": ["#y 禁忌 1につき #yクリティカル 率が5%アップする。 （現在 #b"," % #yクリティカル 率アップ）； クリティカルが発生する度,全ての #y禁忌 は2減少する。"]

	},

	"Broken_eyes": {

		"NAME": "破目",

		"DESCRIPTIONS": ["#y破目 1毎に #yクリティカル ダメージが10%アップする。（クリティカルダメージは元々のダメージの #b"," % #y）"]

	},

	"FrenzyPower": {

		"NAME": "渇血",

		"DESCRIPTIONS": ["アタック毎にHPを #b"," 回復する,ターン開始時に削除される。"]

	},

	"MustBeCriticalHit_Power": {

		"NAME": "確定クリティカル",

		"DESCRIPTIONS": ["次の #b"," 回のアタックは必ず #yクリティカル する ,ターン開始時に削除される。"]
	},

	"DebuffDetonate_Power": {

		"NAME": "ボム",

		"DESCRIPTIONS": ["次の自分のターン開始時に， #b"," ダメージを受ける。"]
	},




	"ForbiddenFruits_Blood_Power": {

		"NAME": "ノークリティカル",

		"DESCRIPTIONS": ["次の自分のターン開始時まで，#yクリティカル が発動しない。 "]
	},

	"Rage_Blood_Power": {

		"NAME": "錯乱の中で",

		"DESCRIPTIONS": ["スキルを3枚プレイする毎に，ランダムな敵に #y狂気 #b2 ,(スキルを #b"," 枚プレイしている。)"]
	},

	"CastArmorWithBlood_Power": {

		"NAME": "血の鎧",

		"DESCRIPTIONS": ["ブロックされていないダメージを与える度， #b","  #yブロック を得る。 ；#yクリティカル の場合更に， #b"," #yブロック を得る。 "]
	},

	"TheEpreadOfTaboos_Blood_Power": {

		"NAME": "禁忌の拡散",

		"DESCRIPTIONS": ["ターン開始時に，全ての敵に #y禁忌 #b"," を与える 。敵が1体しかいない場合更に追加で2与える。"]
	},

	"CastBloodWithArmor_Power": {

		"NAME": "アーマードブラッド",

		"DESCRIPTIONS": ["次のターンが始まるまでに，攻撃を受ける度， #b","  #y狂気 を与える。 "]
	},

	"ClockEngravedWithThePast_Blood_Power": {

		"NAME": "「過去を刻む時計」",

		"DESCRIPTIONS": ["デバフを持っている敵はターン終了時にデバフの3倍のHPを失う。"]
	},

	"Etching_Blood_Power": {

		"NAME": "血に刻まれた",

		"DESCRIPTIONS": ["このモンスターが死亡した時， #b"," #yゴールド を得る。 "]
	},

	"TheMadnessOfHeart_Blood_Power": {

		"NAME": "狂気の心",

		"DESCRIPTIONS": ["ターン開始時にHP1を失う，#y破目 #b"," を得る "]
	},
	"WhyIsItJustMe_Blood_Power": {

		"NAME":"孤独の痛み",

		"DESCRIPTIONS": ["カードの効果でHPを2回失う毎に， #y渇血 1を得る。  "]
	},



	"TrueAncestors_Blood_Power": {

		"NAME": "真祖の力",

		"DESCRIPTIONS": [" #b2 ターン毎に #y無形 #b1 を得る。 この戦闘中HPが回復しない。"]
	},

	"FourOfAKindPower": {

		"NAME": "「フォーオブアカインド」",

		"DESCRIPTIONS": ["各ターン最初のカードは #b4 回プレイされる。"]
	},

	"CrazyWithMe_Blood_Power": {

		"NAME": "共有された狂気",

		"DESCRIPTIONS": ["ダメージを受ける度，全ての敵は #y狂気 #b","を得る。 "]
	},

	"RippleIn495_Blood_Power": {

		"NAME":"「495年の波紋」",

		"DESCRIPTIONS": ["この戦闘中, #yクリティカル が発生しても #y禁忌 が減少しない。"]
	},

	"MakeFriendsWithMe_Blood_Power": {

		"NAME":"無限の闇",

		"DESCRIPTIONS": ["ターン開始時に，手札のアタックでないカードをランダムにマークする。そのカードがプレイされた場合,次のターン開始時に追加で2ドローする。"]
	},
	"BloodTide_Power": {

		"NAME": "昇る血潮",

		"DESCRIPTIONS": ["HPを回復する度， #b"," ドローする。"]
	}
}
